game_key,app_id,title,release_date,release_year,developer,publisher,reference_price_usd,price_min_observed,price_max_observed,price_status,owners_min,owners_max,owners_midpoint,score_percent,genre_count_observed,primary_genre_observed,data_snapshot_date,source_scope,source_url,notes
64a1beaba2e3,,Against the Storm,2023-12-08,2023,Eremite Games,Hooded Horse,8.99,8.99,8.99,Observed price proxy,500000,1000000,750000,0.91,1,Simulation,2026-07-16,Curated top-ranked SteamSpy genre sample,https://steamspy.com/genre/Simulation,
e8500ffb2582,,ANIMAL WELL,2024-05-09,2024,,,17.49,17.49,17.49,Observed price proxy,200000,500000,350000,0.9,1,Indie,2026-07-16,Curated top-ranked SteamSpy genre sample,https://steamspy.com/genre/Indie,
789404fa0888,,Assetto Corsa,2014-12-19,2014,Kunos Simulazioni,505 Games,4.99,4.99,4.99,Observed price proxy,0,20000,10000,0.85,1,Sports,2026-07-16,Curated top-ranked SteamSpy genre sample,https://steamspy.com/genre/Sports,
1d16e1ba9c28,,Balatro,2024-02-20,2024,LocalThunk,Playstack,14.99,11.99,14.99,Observed price proxy,2000000,5000000,3500000,0.9,2,Strategy,2026-07-16,Curated top-ranked SteamSpy genre sample,https://steamspy.com/genre/Indie | https://steamspy.com/genre/Strategy,
5d016f406ae9,,Baldur's Gate 3,2023-08-03,2023,Larian Studios,Larian Studios,44.99,44.99,44.99,Observed price proxy,20000000,50000000,35000000,0.96,3,Adventure,2026-07-16,Curated top-ranked SteamSpy genre sample,https://steamspy.com/genre/Adventure | https://steamspy.com/genre/RPG | https://steamspy.com/genre/Strategy,
1db669c01ded,,Batman: Arkham Asylum GOTY Edition,2010-03-26,2010,Rocksteady Studios,Warner Bros. Interactive Entertainment,19.99,19.99,19.99,Observed price proxy,50000,100000,75000,0.91,1,Adventure,2026-07-16,Curated top-ranked SteamSpy genre sample,https://steamspy.com/genre/Adventure,
223a4adaeebd,,Batman: Arkham City,2011-11-15,2011,Rocksteady Studios,Warner Bros. Interactive Entertainment,3.99,3.99,3.99,Observed price proxy,50000,100000,75000,0.91,1,Adventure,2026-07-16,Curated top-ranked SteamSpy genre sample,https://steamspy.com/genre/Adventure,
559371a57f1f,,Batman: Arkham City - Game of the Year Edition,2012-09-07,2012,Rocksteady Studios,Warner Bros. Interactive Entertainment,19.99,19.99,19.99,Observed price proxy,2000000,5000000,3500000,0.91,1,Adventure,2026-07-16,Curated top-ranked SteamSpy genre sample,https://steamspy.com/genre/Adventure,
71744f54654b,,Beat Saber,2019-05-21,2019,Beat Games,Beat Games,29.99,29.99,29.99,Observed price proxy,2000000,5000000,3500000,0.93,1,Indie,2026-07-16,Curated top-ranked SteamSpy genre sample,https://steamspy.com/genre/Indie,
b29cd759bf7b,,BioShock,2007-08-21,2007,2K Boston; 2K Australia,2K,4.99,4.99,4.99,Observed price proxy,2000000,5000000,3500000,0.96,2,Action,2026-07-16,Curated top-ranked SteamSpy genre sample,https://steamspy.com/genre/Action | https://steamspy.com/genre/RPG,
7f2f35dbcfbc,,BioShock Infinite,2013-03-25,2013,Irrational Games,2K,7.49,7.49,7.49,Observed price proxy,0,20000,10000,0.94,1,Action,2026-07-16,Curated top-ranked SteamSpy genre sample,https://steamspy.com/genre/Action,
559989f38173,,Blue Prince,2025-04-10,2025,,,17.99,17.99,17.99,Observed price proxy,200000,500000,350000,0.92,3,Adventure,2026-07-16,Curated top-ranked SteamSpy genre sample,https://steamspy.com/genre/Adventure | https://steamspy.com/genre/Indie | https://steamspy.com/genre/Strategy,
26e3100697cf,,Braid,2009-04-10,2009,,,14.99,14.99,14.99,Observed price proxy,1000000,2000000,1500000,0.9,2,Strategy,2026-07-16,Curated top-ranked SteamSpy genre sample,https://steamspy.com/genre/Indie | https://steamspy.com/genre/Strategy,
13e1b29505c4,,Brothers - A Tale of Two Sons,2013-09-03,2013,,,14.99,14.99,14.99,Observed price proxy,1000000,2000000,1500000,0.9,1,Indie,2026-07-16,Curated top-ranked SteamSpy genre sample,https://steamspy.com/genre/Indie,
abace6eae675,,BZZZT,2023-11-13,2023,,,3.59,3.59,3.59,Observed price proxy,100000,200000,150000,0.91,1,Indie,2026-07-16,Curated top-ranked SteamSpy genre sample,https://steamspy.com/genre/Indie,
8516b58c638d,,Cabernet,2025-02-20,2025,,,13.99,13.99,13.99,Observed price proxy,50000,100000,75000,0.88,1,Simulation,2026-07-16,Curated top-ranked SteamSpy genre sample,https://steamspy.com/genre/Simulation,
90f9c505c334,,Caves of Qud,2024-12-05,2024,,,29.99,23.99,29.99,Observed price proxy,200000,500000,350000,0.91,4,Adventure,2026-07-16,Curated top-ranked SteamSpy genre sample,https://steamspy.com/genre/Adventure | https://steamspy.com/genre/Indie | https://steamspy.com/genre/RPG | https://steamspy.com/genre/Strategy,
30808097eaa2,,Chained Echoes,2022-12-08,2022,,,24.99,9.99,24.99,Observed price proxy,200000,500000,350000,0.91,2,Indie,2026-07-16,Curated top-ranked SteamSpy genre sample,https://steamspy.com/genre/Indie | https://steamspy.com/genre/RPG,
5d7bca7be478,,Chicory: A Colorful Tale,2021-06-10,2021,,,9.99,9.99,9.99,Observed price proxy,200000,500000,350000,0.9,1,RPG,2026-07-16,Curated top-ranked SteamSpy genre sample,https://steamspy.com/genre/RPG,
0a3360d1fa59,,Clair Obscur: Expedition 33,2025-04-24,2025,,,39.99,39.99,39.99,Observed price proxy,2000000,5000000,3500000,0.91,1,RPG,2026-07-16,Curated top-ranked SteamSpy genre sample,https://steamspy.com/genre/RPG,
933241e31f38,,Cobalt Core,2023-11-08,2023,,,19.99,19.99,19.99,Observed price proxy,100000,200000,150000,0.94,2,Strategy,2026-07-16,Curated top-ranked SteamSpy genre sample,https://steamspy.com/genre/Indie | https://steamspy.com/genre/Strategy,
dd9056484759,,Combat Mission 2,2025-09-16,2025,,,3.95,3.95,3.95,Observed price proxy,0,20000,10000,0.89,1,Simulation,2026-07-16,Curated top-ranked SteamSpy genre sample,https://steamspy.com/genre/Simulation,
6ba4af358440,,Company of Heroes,2006-09-11,2006,Relic Entertainment,SEGA,19.99,19.99,19.99,Observed price proxy,1000000,2000000,1500000,0.93,1,Action,2026-07-16,Curated top-ranked SteamSpy genre sample,https://steamspy.com/genre/Action,
4448a0478da5,,Company of Heroes - Legacy Edition,2007-07-17,2007,Relic Entertainment,SEGA,36.99,36.99,36.99,Observed price proxy,2000000,5000000,3500000,0.93,2,Strategy,2026-07-16,Curated top-ranked SteamSpy genre sample,https://steamspy.com/genre/Action | https://steamspy.com/genre/Strategy,
f1304bc9a869,,Crusader Kings III,2020-09-01,2020,Paradox Development Studio,Paradox Interactive,49.99,14.99,49.99,Observed price proxy,0,20000,10000,0.91,2,Simulation,2026-07-16,Curated top-ranked SteamSpy genre sample,https://steamspy.com/genre/RPG | https://steamspy.com/genre/Simulation,
51ee226f5524,,DARK SOULS II,2014-04-25,2014,"FromSoftware, Inc.",Bandai Namco Entertainment,39.99,39.99,39.99,Observed price proxy,500000,1000000,750000,0.91,1,RPG,2026-07-16,Curated top-ranked SteamSpy genre sample,https://steamspy.com/genre/RPG,
71b365a0e087,,DAVE THE DIVER,2023-06-28,2023,MINTROCKET,MINTROCKET,19.99,19.99,19.99,Observed price proxy,5000000,10000000,7500000,0.9,2,Simulation,2026-07-16,Curated top-ranked SteamSpy genre sample,https://steamspy.com/genre/RPG | https://steamspy.com/genre/Simulation,
9064ba230658,,despelote,2025-05-01,2025,,,7.49,7.49,7.49,Observed price proxy,0,20000,10000,0.89,1,Sports,2026-07-16,Curated top-ranked SteamSpy genre sample,https://steamspy.com/genre/Sports,
29416f5449da,,Deus Ex: Human Revolution - Director's Cut,2013-10-25,2013,Eidos-Montréal,Square Enix,19.99,19.99,19.99,Observed price proxy,0,20000,10000,0.91,1,RPG,2026-07-16,Curated top-ranked SteamSpy genre sample,https://steamspy.com/genre/RPG,
1ea100c751c1,,DiRT Rally,2015-12-07,2015,Codemasters,Codemasters,,,,Unavailable,2000000,5000000,3500000,0.86,1,Sports,2026-07-16,Curated top-ranked SteamSpy genre sample,https://steamspy.com/genre/Sports,
84c9406adee8,,Disco Elysium - The Final Cut,2019-10-15,2019,ZA/UM,ZA/UM,39.99,39.99,39.99,Observed price proxy,0,20000,10000,0.97,1,RPG,2026-07-16,Curated top-ranked SteamSpy genre sample,https://steamspy.com/genre/RPG,
c77582dfec22,,Dishonored,2012-10-08,2012,Arkane Studios,Bethesda Softworks,9.99,9.99,9.99,Observed price proxy,2000000,5000000,3500000,0.91,1,Adventure,2026-07-16,Curated top-ranked SteamSpy genre sample,https://steamspy.com/genre/Adventure,
eb4f6d95d13b,,Divinity: Original Sin - Enhanced Edition,2015-10-27,2015,Larian Studios,Larian Studios,39.99,39.99,39.99,Observed price proxy,1000000,2000000,1500000,0.94,4,Indie,2026-07-16,Curated top-ranked SteamSpy genre sample,https://steamspy.com/genre/Adventure | https://steamspy.com/genre/Indie | https://steamspy.com/genre/RPG | https://steamspy.com/genre/Strategy,
9d6f08a979a3,,Divinity: Original Sin 2 - Definitive Edition,2017-09-14,2017,Larian Studios,Larian Studios,44.99,44.99,44.99,Observed price proxy,0,20000,10000,0.93,2,Adventure,2026-07-16,Curated top-ranked SteamSpy genre sample,https://steamspy.com/genre/Adventure | https://steamspy.com/genre/Strategy,
695cd1a3f9e7,,Dragon Age: Origins,2009-11-06,2009,BioWare,Electronic Arts,29.99,29.99,29.99,Observed price proxy,500000,1000000,750000,0.91,1,RPG,2026-07-16,Curated top-ranked SteamSpy genre sample,https://steamspy.com/genre/RPG,
b03c45c248f5,,Dragon Age: Origins - Ultimate Edition,2010-10-26,2010,BioWare,Electronic Arts,29.99,29.99,29.99,Observed price proxy,1000000,2000000,1500000,0.91,1,RPG,2026-07-16,Curated top-ranked SteamSpy genre sample,https://steamspy.com/genre/RPG,
60a4454144da,,Dwarf Fortress,2022-12-06,2022,Bay 12 Games,Kitfox Games,29.99,29.99,29.99,Observed price proxy,2000000,5000000,3500000,0.93,2,Simulation,2026-07-16,Curated top-ranked SteamSpy genre sample,https://steamspy.com/genre/Indie | https://steamspy.com/genre/Simulation,
41f66249ffc7,,ELDEN RING,2022-02-24,2022,"FromSoftware, Inc.",Bandai Namco Entertainment,59.99,59.99,59.99,Observed price proxy,20000000,50000000,35000000,0.94,2,Action,2026-07-16,Curated top-ranked SteamSpy genre sample,https://steamspy.com/genre/Action | https://steamspy.com/genre/RPG,
58a4099b4ee3,,F1 2016,2016-09-07,2016,Codemasters,Electronic Arts,,,,Unavailable,200000,500000,350000,0.86,1,Sports,2026-07-16,Curated top-ranked SteamSpy genre sample,https://steamspy.com/genre/Sports,
601d8838438b,,F1 2017,2017-08-24,2017,Codemasters,Electronic Arts,,,,Unavailable,200000,500000,350000,0.89,2,Sports,2026-07-16,Curated top-ranked SteamSpy genre sample,https://steamspy.com/genre/Simulation | https://steamspy.com/genre/Sports,
c800ab4e555e,,F1 2019,2019-06-27,2019,Codemasters,Electronic Arts,,,,Unavailable,500000,1000000,750000,0.87,1,Sports,2026-07-16,Curated top-ranked SteamSpy genre sample,https://steamspy.com/genre/Sports,
1a870cd456c8,,F1 2021,2021-07-15,2021,Codemasters,Electronic Arts,,,,Unavailable,1000000,2000000,1500000,0.86,1,Sports,2026-07-16,Curated top-ranked SteamSpy genre sample,https://steamspy.com/genre/Sports,
dff6ee721b78,,Factorio,2020-08-14,2020,Wube Software LTD.,Wube Software LTD.,35,35,35,Observed price proxy,5000000,10000000,7500000,0.9,3,Simulation,2026-07-16,Curated top-ranked SteamSpy genre sample,https://steamspy.com/genre/Indie | https://steamspy.com/genre/Simulation | https://steamspy.com/genre/Strategy,
a6c74d6dd672,,Fallout 3,2008-10-28,2008,Bethesda Game Studios,Bethesda Softworks,9.99,9.99,9.99,Observed price proxy,1000000,2000000,1500000,0.91,1,RPG,2026-07-16,Curated top-ranked SteamSpy genre sample,https://steamspy.com/genre/RPG,
444521b1358c,,Fallout 3: Game of the Year Edition,2009-12-17,2009,Bethesda Game Studios,Bethesda Softworks,6.59,6.59,6.59,Observed price proxy,2000000,5000000,3500000,0.91,1,RPG,2026-07-16,Curated top-ranked SteamSpy genre sample,https://steamspy.com/genre/RPG,
128b3e7ef896,,FEZ,2013-05-01,2013,,,9.99,9.99,9.99,Observed price proxy,1000000,2000000,1500000,0.91,1,Indie,2026-07-16,Curated top-ranked SteamSpy genre sample,https://steamspy.com/genre/Indie,
56bd3ab0160e,,Football Manager 2019,2018-11-02,2018,Sports Interactive,SEGA,,,,Unavailable,1000000,2000000,1500000,0.86,1,Sports,2026-07-16,Curated top-ranked SteamSpy genre sample,https://steamspy.com/genre/Sports,
69e7bae2eec3,,Football Manager 2022,2021-11-09,2021,Sports Interactive,SEGA,,,,Unavailable,2000000,5000000,3500000,0.85,1,Sports,2026-07-16,Curated top-ranked SteamSpy genre sample,https://steamspy.com/genre/Sports,
5f2c754f573b,,Galactic Civilizations II: Ultimate Edition,2011-12-02,2011,Stardock Entertainment,Stardock Entertainment,9.99,4.99,9.99,Observed price proxy,500000,1000000,750000,0.92,2,Strategy,2026-07-16,Curated top-ranked SteamSpy genre sample,https://steamspy.com/genre/Indie | https://steamspy.com/genre/Strategy,
2b7e087cb42b,,God of War,2022-01-14,2022,Santa Monica Studio,PlayStation Publishing LLC,49.99,49.99,49.99,Observed price proxy,5000000,10000000,7500000,0.93,3,Adventure,2026-07-16,Curated top-ranked SteamSpy genre sample,https://steamspy.com/genre/Action | https://steamspy.com/genre/Adventure | https://steamspy.com/genre/RPG,
66cdd0fd7bed,,God of War Ragnarök,2024-09-19,2024,Santa Monica Studio,PlayStation Publishing LLC,59.99,59.99,59.99,Observed price proxy,1000000,2000000,1500000,0.9,1,RPG,2026-07-16,Curated top-ranked SteamSpy genre sample,https://steamspy.com/genre/RPG,
73facf214d6a,,Grand Theft Auto III,2002-05-21,2002,DMA Design,Rockstar Games,,,,Unavailable,2000000,5000000,3500000,0.93,1,Action,2026-07-16,Curated top-ranked SteamSpy genre sample,https://steamspy.com/genre/Action,
c195b77515fa,,Grand Theft Auto V Legacy,2015-04-14,2015,Rockstar North,Rockstar Games,,,,Unavailable,50000000,100000000,75000000,0.96,2,Adventure,2026-07-16,Curated top-ranked SteamSpy genre sample,https://steamspy.com/genre/Action | https://steamspy.com/genre/Adventure,
8d5dbb710285,,Grand Theft Auto: San Andreas,2005-06-06,2005,Rockstar North,Rockstar Games,,,,Unavailable,2000000,5000000,3500000,0.93,1,Action,2026-07-16,Curated top-ranked SteamSpy genre sample,https://steamspy.com/genre/Action,
013cd2707e4b,,Grand Theft Auto: Vice City,2003-05-13,2003,Rockstar North,Rockstar Games,,,,Unavailable,1000000,2000000,1500000,0.94,1,Action,2026-07-16,Curated top-ranked SteamSpy genre sample,https://steamspy.com/genre/Action,
ddc8b7b97ce6,,GT Legends,2012-11-28,2012,,,7.99,7.99,7.99,Observed price proxy,0,20000,10000,0.84,1,Sports,2026-07-16,Curated top-ranked SteamSpy genre sample,https://steamspy.com/genre/Sports,
2ad6353d5453,,Guild Wars 2,2022-08-23,2022,ArenaNet,NCSOFT,0,0,0,Free,2000000,5000000,3500000,0.9,1,RPG,2026-07-16,Curated top-ranked SteamSpy genre sample,https://steamspy.com/genre/RPG,
3cc262dce7e3,,Hades,2020-09-17,2020,Supergiant Games,Supergiant Games,24.99,6.24,24.99,Observed price proxy,5000000,10000000,7500000,0.93,3,Indie,2026-07-16,Curated top-ranked SteamSpy genre sample,https://steamspy.com/genre/Action | https://steamspy.com/genre/Indie | https://steamspy.com/genre/RPG,
4a2be44aeabe,,Hades II,2025-09-25,2025,Supergiant Games,Supergiant Games,29.99,29.99,29.99,Observed price proxy,2000000,5000000,3500000,0.94,3,Indie,2026-07-16,Curated top-ranked SteamSpy genre sample,https://steamspy.com/genre/Action | https://steamspy.com/genre/Indie | https://steamspy.com/genre/RPG,
167ef6f6b881,,Half-Life,1998-11-19,1998,Valve,Valve,9.99,9.99,9.99,Observed price proxy,10000000,20000000,15000000,0.96,1,Action,2026-07-16,Curated top-ranked SteamSpy genre sample,https://steamspy.com/genre/Action,
66c0b7fc07b9,,Half-Life 2,2004-11-16,2004,Valve,Valve,9.99,9.99,9.99,Observed price proxy,10000000,20000000,15000000,0.96,1,Action,2026-07-16,Curated top-ranked SteamSpy genre sample,https://steamspy.com/genre/Action,
9e5dc0fc17c9,,Half-Life: Alyx,2020-03-23,2020,Valve,Valve,59.99,59.99,59.99,Observed price proxy,2000000,5000000,3500000,0.93,2,Adventure,2026-07-16,Curated top-ranked SteamSpy genre sample,https://steamspy.com/genre/Action | https://steamspy.com/genre/Adventure,
7c867bb864db,,I Expect You To Die 3: Cog in the Machine,2023-09-28,2023,,,24.99,24.99,24.99,Observed price proxy,50000,100000,75000,0.89,1,Simulation,2026-07-16,Curated top-ranked SteamSpy genre sample,https://steamspy.com/genre/Simulation,
c541207bce7a,,I Was a Teenage Exocolonist,2022-08-25,2022,,,24.99,12.49,24.99,Observed price proxy,200000,500000,350000,0.91,2,Simulation,2026-07-16,Curated top-ranked SteamSpy genre sample,https://steamspy.com/genre/Indie | https://steamspy.com/genre/Simulation,
82d7cb86bb3b,,Into the Breach,2018-02-27,2018,Subset Games,Subset Games,14.99,4.49,14.99,Observed price proxy,1000000,2000000,1500000,0.9,4,Simulation,2026-07-16,Curated top-ranked SteamSpy genre sample,https://steamspy.com/genre/Indie | https://steamspy.com/genre/RPG | https://steamspy.com/genre/Simulation | https://steamspy.com/genre/Strategy,
b5a4f04f824d,,Knockout League - Arcade VR Boxing,2018-02-13,2018,,,19.99,19.99,19.99,Observed price proxy,20000,50000,35000,0.84,1,Sports,2026-07-16,Curated top-ranked SteamSpy genre sample,https://steamspy.com/genre/Sports,
70b55be0a6e5,,Kynseed,2022-12-06,2022,,,6.24,6.24,6.24,Observed price proxy,100000,200000,150000,0.89,1,Simulation,2026-07-16,Curated top-ranked SteamSpy genre sample,https://steamspy.com/genre/Simulation,
79d9aecbde3f,,Lonely Mountains: Snow Riders,2025-01-21,2025,,,14.99,14.99,14.99,Observed price proxy,0,20000,10000,0.87,1,Sports,2026-07-16,Curated top-ranked SteamSpy genre sample,https://steamspy.com/genre/Sports,
15e7be4d53ae,,Mark of the Ninja,1987-10-01,1987,Klei Entertainment,Klei Entertainment,4.99,4.99,4.99,Observed price proxy,1000000,2000000,1500000,0.91,2,Adventure,2026-07-16,Curated top-ranked SteamSpy genre sample,https://steamspy.com/genre/Adventure | https://steamspy.com/genre/Indie,Source release date appears anomalous
4171cb5a7936,,Mass Effect 2 (2010 Edition),2010-02-02,2010,BioWare,Electronic Arts,,,,Unavailable,1000000,2000000,1500000,0.94,1,RPG,2026-07-16,Curated top-ranked SteamSpy genre sample,https://steamspy.com/genre/RPG,
81a2ea536ac8,,Mass Effect 2 (2010) Edition,2023-05-15,2023,BioWare,Electronic Arts,29.99,29.99,29.99,Observed price proxy,0,20000,10000,0.94,1,RPG,2026-07-16,Curated top-ranked SteamSpy genre sample,https://steamspy.com/genre/RPG,
8fa20336a6f6,,METAL GEAR SOLID V: THE PHANTOM PAIN,2015-09-01,2015,Konami Digital Entertainment,Konami Digital Entertainment,17.99,17.99,17.99,Observed price proxy,2000000,5000000,3500000,0.91,1,Adventure,2026-07-16,Curated top-ranked SteamSpy genre sample,https://steamspy.com/genre/Adventure,
c65341c0d7f2,,Metaphor: ReFantazio,2024-10-10,2024,ATLUS,SEGA,69.99,69.99,69.99,Observed price proxy,1000000,2000000,1500000,0.92,1,Adventure,2026-07-16,Curated top-ranked SteamSpy genre sample,https://steamspy.com/genre/Adventure,
f157e03410dc,,Mewgenics,2026-02-10,2026,,,29.99,29.99,29.99,Observed price proxy,0,20000,10000,0.88,1,Simulation,2026-07-16,Curated top-ranked SteamSpy genre sample,https://steamspy.com/genre/Simulation,Future-dated at collection snapshot
075c1b7a817f,,Microsoft Flight Simulator 40th Anniversary Edition,2020-08-17,2020,Asobo Studio,Xbox Game Studios,59.99,59.99,59.99,Observed price proxy,2000000,5000000,3500000,0.91,1,Simulation,2026-07-16,Curated top-ranked SteamSpy genre sample,https://steamspy.com/genre/Simulation,
fcd9a9090ca8,,Mission: It's Complicated,2020-02-14,2020,,,0,0,0,Free,0,20000,10000,0.91,2,Indie,2026-07-16,Curated top-ranked SteamSpy genre sample,https://steamspy.com/genre/Adventure | https://steamspy.com/genre/Indie,
46f796a545dc,,NBA 2K17,2016-09-20,2016,Visual Concepts,2K,,,,Unavailable,500000,1000000,750000,0.9,1,Sports,2026-07-16,Curated top-ranked SteamSpy genre sample,https://steamspy.com/genre/Sports,
6b19cb3a7fe1,,Okami HD,2017-12-12,2017,"CAPCOM Co., Ltd.","CAPCOM Co., Ltd.",9.99,9.99,9.99,Observed price proxy,500000,1000000,750000,0.92,1,Adventure,2026-07-16,Curated top-ranked SteamSpy genre sample,https://steamspy.com/genre/Adventure,
f9ed6c75e710,,OlliOlli World,2022-02-07,2022,,,4.99,4.99,4.99,Observed price proxy,50000,100000,75000,0.87,1,Sports,2026-07-16,Curated top-ranked SteamSpy genre sample,https://steamspy.com/genre/Sports,
d56d305b2dea,,Opus Magnum,2017-12-07,2017,Zachtronics,Zachtronics,19.99,19.99,19.99,Observed price proxy,200000,500000,350000,0.9,1,Simulation,2026-07-16,Curated top-ranked SteamSpy genre sample,https://steamspy.com/genre/Simulation,
276c4c175cb5,,OPUS: Echo of Starsong,2021-08-31,2021,,,9.99,9.99,9.99,Observed price proxy,200000,500000,350000,0.9,1,Indie,2026-07-16,Curated top-ranked SteamSpy genre sample,https://steamspy.com/genre/Indie,
b1165a838c4e,,Out of the Park Baseball 17,2016-03-22,2016,,,,,,Unavailable,50000,100000,75000,0.92,4,Sports,2026-07-16,Curated top-ranked SteamSpy genre sample,https://steamspy.com/genre/Indie | https://steamspy.com/genre/Simulation | https://steamspy.com/genre/Sports | https://steamspy.com/genre/Strategy,
e8f7edd865a5,,Out of the Park Baseball 18,2017-03-24,2017,,,,,,Unavailable,20000,50000,35000,0.86,1,Sports,2026-07-16,Curated top-ranked SteamSpy genre sample,https://steamspy.com/genre/Sports,
2e901874a837,,Persona 5 Royal,2022-10-20,2022,ATLUS,SEGA,59.99,59.99,59.99,Observed price proxy,0,20000,10000,0.95,1,RPG,2026-07-16,Curated top-ranked SteamSpy genre sample,https://steamspy.com/genre/RPG,
74030c8f0606,,Pinball FX3,2017-09-26,2017,,,23.97,23.97,23.97,Observed price proxy,500000,1000000,750000,0.89,1,Simulation,2026-07-16,Curated top-ranked SteamSpy genre sample,https://steamspy.com/genre/Simulation,
f698400b8814,,Portal 2,2011-04-18,2011,Valve,Valve,9.99,9.99,9.99,Observed price proxy,0,20000,10000,0.95,2,Adventure,2026-07-16,Curated top-ranked SteamSpy genre sample,https://steamspy.com/genre/Action | https://steamspy.com/genre/Adventure,
50bb6c32429f,,Quake,2007-08-03,2007,id Software; Nightdive Studios; MachineGames,Bethesda Softworks,9.99,9.99,9.99,Observed price proxy,1000000,2000000,1500000,0.94,1,Action,2026-07-16,Curated top-ranked SteamSpy genre sample,https://steamspy.com/genre/Action,
6e741f31b6aa,,Red Dead Redemption 2,2019-12-05,2019,Rockstar Games,Rockstar Games,14.99,14.99,14.99,Observed price proxy,10000000,20000000,15000000,0.93,1,Adventure,2026-07-16,Curated top-ranked SteamSpy genre sample,https://steamspy.com/genre/Adventure,
e1d80bb6fba0,,Resident Evil 4,2023-03-23,2023,"CAPCOM Co., Ltd.","CAPCOM Co., Ltd.",39.99,39.99,39.99,Observed price proxy,5000000,10000000,7500000,0.91,1,Adventure,2026-07-16,Curated top-ranked SteamSpy genre sample,https://steamspy.com/genre/Adventure,
5b39a7c463e3,,Resident Evil Requiem,2026-02-26,2026,"CAPCOM Co., Ltd.","CAPCOM Co., Ltd.",69.99,69.99,69.99,Observed price proxy,0,20000,10000,0.92,1,Adventure,2026-07-16,Curated top-ranked SteamSpy genre sample,https://steamspy.com/genre/Adventure,Future-dated at collection snapshot
2afd5d3d57ab,,Rhell,2026-03-12,2026,,,14.99,9.74,14.99,Observed price proxy,0,20000,10000,0.88,2,Sports,2026-07-16,Curated top-ranked SteamSpy genre sample,https://steamspy.com/genre/Simulation | https://steamspy.com/genre/Sports,Future-dated at collection snapshot
6417547eb491,,Rise of Nations: Extended Edition,2014-06-12,2014,SkyBox Labs; Big Huge Games,Xbox Game Studios,19.99,19.99,19.99,Observed price proxy,1000000,2000000,1500000,0.89,1,Simulation,2026-07-16,Curated top-ranked SteamSpy genre sample,https://steamspy.com/genre/Simulation,
cd10d2ff00b0,,Rocket League,2015-07-07,2015,Psyonix LLC,Psyonix LLC,,,,Unavailable,10000000,20000000,15000000,0.86,1,Sports,2026-07-16,Curated top-ranked SteamSpy genre sample,https://steamspy.com/genre/Sports,
9603c1057ab5,,Rome: Total War Collection,2004-09-22,2004,The Creative Assembly,SEGA,,,,Unavailable,1000000,2000000,1500000,0.92,1,Strategy,2026-07-16,Curated top-ranked SteamSpy genre sample,https://steamspy.com/genre/Strategy,
7124818ef795,,Satisfactory,2024-09-10,2024,Coffee Stain Studios,Coffee Stain Publishing,27.99,27.99,27.99,Observed price proxy,10000000,20000000,15000000,0.91,3,Simulation,2026-07-16,Curated top-ranked SteamSpy genre sample,https://steamspy.com/genre/Adventure | https://steamspy.com/genre/Indie | https://steamspy.com/genre/Simulation,
12b38fe2c8ca,,Sektori,2025-11-18,2025,,,14.99,14.99,14.99,Observed price proxy,0,20000,10000,0.93,1,Action,2026-07-16,Curated top-ranked SteamSpy genre sample,https://steamspy.com/genre/Action,
385e6fffc5df,,Shin Megami Tensei V: Vengeance,2024-06-13,2024,ATLUS,SEGA,59.99,59.99,59.99,Observed price proxy,200000,500000,350000,0.9,1,RPG,2026-07-16,Curated top-ranked SteamSpy genre sample,https://steamspy.com/genre/RPG,
2e31c0394006,,Sid Meier's Civilization III Complete,2006-10-25,2006,Firaxis Games,2K,0.99,0.99,0.99,Observed price proxy,1000000,2000000,1500000,0.9,1,Strategy,2026-07-16,Curated top-ranked SteamSpy genre sample,https://steamspy.com/genre/Strategy,
c40260ae2e82,,Sid Meier's Civilization IV,2006-10-25,2006,Firaxis Games,2K,19.99,19.99,19.99,Observed price proxy,1000000,2000000,1500000,0.94,1,Strategy,2026-07-16,Curated top-ranked SteamSpy genre sample,https://steamspy.com/genre/Strategy,
f5e1bbe568c2,,Sid Meier's Civilization V,2010-09-21,2010,Firaxis Games,2K,29.99,29.99,29.99,Observed price proxy,0,20000,10000,0.9,1,Strategy,2026-07-16,Curated top-ranked SteamSpy genre sample,https://steamspy.com/genre/Strategy,
2bf2de8e1fe9,,Silent Hunter III,2008-06-13,2008,Ubisoft Romania,Ubisoft,9.99,9.99,9.99,Observed price proxy,200000,500000,350000,0.9,1,Simulation,2026-07-16,Curated top-ranked SteamSpy genre sample,https://steamspy.com/genre/Simulation,
13a4a14f384a,,Slay the Princess - The Pristine Cut,2023-10-23,2023,,,17.99,8.99,17.99,Observed price proxy,500000,1000000,750000,0.9,3,Simulation,2026-07-16,Curated top-ranked SteamSpy genre sample,https://steamspy.com/genre/Indie | https://steamspy.com/genre/RPG | https://steamspy.com/genre/Simulation,
f6217fc6eb8f,,SpeedRunners,2016-04-19,2016,,,2.99,2.99,2.99,Observed price proxy,2000000,5000000,3500000,0.84,1,Sports,2026-07-16,Curated top-ranked SteamSpy genre sample,https://steamspy.com/genre/Sports,
07e675e3188c,,Spelunky,2013-08-08,2013,,,3.74,3.74,3.74,Observed price proxy,1000000,2000000,1500000,0.9,1,Indie,2026-07-16,Curated top-ranked SteamSpy genre sample,https://steamspy.com/genre/Indie,
7e1d9143d6e2,,Spelunky 2,2020-09-29,2020,,,6.99,6.99,6.99,Observed price proxy,1000000,2000000,1500000,0.91,1,Indie,2026-07-16,Curated top-ranked SteamSpy genre sample,https://steamspy.com/genre/Indie,
f16ef7000606,,Sprint Vector,2018-02-08,2018,,,4.49,4.49,4.49,Observed price proxy,20000,50000,35000,0.84,1,Sports,2026-07-16,Curated top-ranked SteamSpy genre sample,https://steamspy.com/genre/Sports,
2438617c3623,,Stardew Valley,2016-02-26,2016,ConcernedApe,ConcernedApe,14.99,14.99,14.99,Observed price proxy,20000000,50000000,35000000,0.89,1,Simulation,2026-07-16,Curated top-ranked SteamSpy genre sample,https://steamspy.com/genre/Simulation,
4e796592e06c,,Street Fighter 6,2023-06-01,2023,"CAPCOM Co., Ltd.","CAPCOM Co., Ltd.",39.99,39.99,39.99,Observed price proxy,2000000,5000000,3500000,0.92,1,Adventure,2026-07-16,Curated top-ranked SteamSpy genre sample,https://steamspy.com/genre/Adventure,
f01cf2770dde,,Tadpole Treble,2016-09-02,2016,,,4.99,4.99,4.99,Observed price proxy,20000,50000,35000,0.9,1,Indie,2026-07-16,Curated top-ranked SteamSpy genre sample,https://steamspy.com/genre/Indie,
4a56bafad301,,Tetris Effect: Connected,2021-08-17,2021,,,39.99,39.99,39.99,Observed price proxy,500000,1000000,750000,0.93,1,Indie,2026-07-16,Curated top-ranked SteamSpy genre sample,https://steamspy.com/genre/Indie,
4a1e938ad4dd,,The Elder Scrolls IV: Oblivion GOTY Edition,2009-06-16,2009,Bethesda Game Studios,Bethesda Softworks,14.99,14.99,14.99,Observed price proxy,2000000,5000000,3500000,0.94,1,RPG,2026-07-16,Curated top-ranked SteamSpy genre sample,https://steamspy.com/genre/RPG,
ab219e16ab35,,The Elder Scrolls V: Skyrim,2011-11-10,2011,Bethesda Game Studios,Bethesda Softworks,19.99,19.99,19.99,Observed price proxy,5000000,10000000,7500000,0.94,1,RPG,2026-07-16,Curated top-ranked SteamSpy genre sample,https://steamspy.com/genre/RPG,
023e7df320d9,,The Longest Journey,2007-05-01,2007,Funcom,Funcom,9.99,9.99,9.99,Observed price proxy,200000,500000,350000,0.91,1,Adventure,2026-07-16,Curated top-ranked SteamSpy genre sample,https://steamspy.com/genre/Adventure,
afe22891669c,,The Sims 2 Legacy Collection,2025-01-31,2025,Maxis,Electronic Arts,29.99,29.99,29.99,Observed price proxy,50000,100000,75000,0.9,1,Simulation,2026-07-16,Curated top-ranked SteamSpy genre sample,https://steamspy.com/genre/Simulation,
c5fb926edbe9,,The Sims Legacy Collection,2025-01-31,2025,Maxis,Electronic Arts,9.99,9.99,9.99,Observed price proxy,20000,50000,35000,0.92,1,Simulation,2026-07-16,Curated top-ranked SteamSpy genre sample,https://steamspy.com/genre/Simulation,
e66789fba8f5,,Thief Gold,2012-05-22,2012,Looking Glass Studios,Square Enix,1.74,1.74,1.74,Observed price proxy,500000,1000000,750000,0.92,1,Simulation,2026-07-16,Curated top-ranked SteamSpy genre sample,https://steamspy.com/genre/Simulation,
6db943bdcaf4,,Total War: EMPIRE - Definitive Edition,2009-03-04,2009,The Creative Assembly,SEGA,4.99,4.99,4.99,Observed price proxy,1000000,2000000,1500000,0.9,1,Strategy,2026-07-16,Curated top-ranked SteamSpy genre sample,https://steamspy.com/genre/Strategy,
f5ff4a51392e,,TrainClicker,2021-02-12,2021,,,9.99,9.99,9.99,Observed price proxy,0,20000,10000,0.89,1,Simulation,2026-07-16,Curated top-ranked SteamSpy genre sample,https://steamspy.com/genre/Simulation,
2c373b6b0af8,,Tumblestone,2016-07-12,2016,,,6.24,6.24,6.24,Observed price proxy,100000,200000,150000,0.91,2,Strategy,2026-07-16,Curated top-ranked SteamSpy genre sample,https://steamspy.com/genre/Indie | https://steamspy.com/genre/Strategy,
80f6c2cf3190,,UFO 50,2024-09-18,2024,,,24.99,17.49,24.99,Observed price proxy,100000,200000,150000,0.91,4,Adventure,2026-07-16,Curated top-ranked SteamSpy genre sample,https://steamspy.com/genre/Adventure | https://steamspy.com/genre/Indie | https://steamspy.com/genre/RPG | https://steamspy.com/genre/Strategy,
0e5c0be038be,,Undertale,2015-09-15,2015,tobyfox,tobyfox,2.49,2.49,2.49,Observed price proxy,5000000,10000000,7500000,0.92,1,Indie,2026-07-16,Curated top-ranked SteamSpy genre sample,https://steamspy.com/genre/Indie,
2cc718eb3b30,,Unreal Tournament 2004: Editor's Choice Edition,2004-03-16,2004,,,,,,Unavailable,1000000,2000000,1500000,0.93,1,Action,2026-07-16,Curated top-ranked SteamSpy genre sample,https://steamspy.com/genre/Action,
c94981f7a947,,VIDEOVERSE,2023-08-07,2023,,,12.99,6.49,12.99,Observed price proxy,0,20000,10000,0.9,2,Simulation,2026-07-16,Curated top-ranked SteamSpy genre sample,https://steamspy.com/genre/Indie | https://steamspy.com/genre/Simulation,
7b962ada5915,1091500,Cyberpunk 2077,2020-12-09,2020,CD PROJEKT RED,CD PROJEKT RED,59.99,17.99,59.99,Observed list/sale range,20000000,50000000,35000000,0.84,1,RPG,2026-07-17,SteamSpy app-profile expansion,https://steamspy.com/app/1091500,"Added to broaden genre, price, release-era, and ownership coverage."
c171d77814b4,292030,The Witcher 3: Wild Hunt,2015-05-18,2015,CD PROJEKT RED,CD PROJEKT RED,39.99,39.99,39.99,Observed price proxy,20000000,50000000,35000000,0.96,1,RPG,2026-07-17,SteamSpy app-profile expansion,https://steamspy.com/app/292030,"Added to broaden genre, price, release-era, and ownership coverage."
9c52a3598850,105600,Terraria,2011-05-16,2011,Re-Logic,Re-Logic,9.99,9.99,9.99,Observed price proxy,20000000,50000000,35000000,0.97,4,Adventure,2026-07-17,SteamSpy app-profile expansion,https://steamspy.com/app/105600,"Added to broaden genre, price, release-era, and ownership coverage."
4085787f7807,367520,Hollow Knight,2017-02-24,2017,Team Cherry,Team Cherry,14.99,14.99,14.99,Observed price proxy,5000000,10000000,7500000,0.97,3,Adventure,2026-07-17,SteamSpy app-profile expansion,https://steamspy.com/app/367520,"Added to broaden genre, price, release-era, and ownership coverage."
419754bf79a1,588650,Dead Cells,2018-08-06,2018,Motion Twin,Motion Twin,24.99,12.49,24.99,Observed list/sale range,5000000,10000000,7500000,0.97,3,Action,2026-07-17,SteamSpy app-profile expansion,https://steamspy.com/app/588650,"Added to broaden genre, price, release-era, and ownership coverage."
75ba5b8b2826,504230,Celeste,2018-01-25,2018,"Maddy Makes Games Inc.; Extremely OK Games, Ltd.",Maddy Makes Games Inc.,19.99,4.99,19.99,Observed list/sale range,2000000,5000000,3500000,0.97,3,Indie,2026-07-17,SteamSpy app-profile expansion,https://steamspy.com/app/504230,"Added to broaden genre, price, release-era, and ownership coverage."
cfb9841b3aa4,294100,RimWorld,2018-10-17,2018,Ludeon Studios,Ludeon Studios,34.99,27.99,34.99,Observed list/sale range,5000000,10000000,7500000,0.97,3,Simulation,2026-07-17,SteamSpy app-profile expansion,https://steamspy.com/app/294100,"Added to broaden genre, price, release-era, and ownership coverage."
679de5f22297,255710,Cities: Skylines,2015-03-10,2015,Colossal Order,Paradox Interactive,29.99,29.99,29.99,Observed price proxy,10000000,20000000,15000000,0.92,2,Simulation,2026-07-17,SteamSpy app-profile expansion,https://steamspy.com/app/255710,"Added to broaden genre, price, release-era, and ownership coverage."
447c6801aa58,227300,Euro Truck Simulator 2,2012-10-12,2012,SCS Software,SCS Software,19.99,4.99,19.99,Observed list/sale range,10000000,20000000,15000000,0.97,2,Simulation,2026-07-17,SteamSpy app-profile expansion,https://steamspy.com/app/227300,"Added to broaden genre, price, release-era, and ownership coverage."
a7b34c28ebce,739630,Phasmophobia,2020-09-18,2020,Kinetic Games,Kinetic Games,19.99,19.99,19.99,Observed price proxy,10000000,20000000,15000000,0.95,2,Action,2026-07-17,SteamSpy app-profile expansion,https://steamspy.com/app/739630,"Added to broaden genre, price, release-era, and ownership coverage."
543673e9f39f,1623730,Palworld,2024-01-18,2024,Pocketpair,Pocketpair,29.99,29.99,29.99,Observed price proxy,50000000,100000000,75000000,0.94,4,Adventure,2026-07-17,SteamSpy app-profile expansion,https://steamspy.com/app/1623730,"Added to broaden genre, price, release-era, and ownership coverage."
9c2f2f3ee3ec,553850,HELLDIVERS 2,2024-02-08,2024,Arrowhead Game Studios,PlayStation Publishing LLC,39.99,29.99,39.99,Observed list/sale range,20000000,50000000,35000000,0.76,1,Action,2026-07-17,SteamSpy app-profile expansion,https://steamspy.com/app/553850,"Added to broaden genre, price, release-era, and ownership coverage."
51382098b4bd,275850,No Man's Sky,2016-08-12,2016,Hello Games,Hello Games,59.99,59.99,59.99,Observed price proxy,5000000,10000000,7500000,0.83,2,Adventure,2026-07-17,SteamSpy app-profile expansion,https://steamspy.com/app/275850,"Added to broaden genre, price, release-era, and ownership coverage."
b2b936079bd2,814380,Sekiro: Shadows Die Twice - GOTY Edition,2019-03-21,2019,"FromSoftware, Inc.","Activision; FromSoftware, Inc.",59.99,29.99,59.99,Observed list/sale range,10000000,20000000,15000000,0.95,2,Action,2026-07-17,SteamSpy app-profile expansion,https://steamspy.com/app/814380,"Added to broaden genre, price, release-era, and ownership coverage."
3d7a7f2e4363,374320,DARK SOULS III,2016-04-11,2016,"FromSoftware, Inc.","FromSoftware, Inc.; Bandai Namco Entertainment",59.99,59.99,59.99,Observed price proxy,5000000,10000000,7500000,0.94,1,Action,2026-07-17,SteamSpy app-profile expansion,https://steamspy.com/app/374320,"Added to broaden genre, price, release-era, and ownership coverage."
57db119677f6,268910,Cuphead,2017-09-29,2017,Studio MDHR Entertainment Inc.,Studio MDHR Entertainment Inc.,19.99,13.99,19.99,Observed list/sale range,5000000,10000000,7500000,0.96,2,Action,2026-07-17,SteamSpy app-profile expansion,https://steamspy.com/app/268910,"Added to broaden genre, price, release-era, and ownership coverage."
7acae052b213,264710,Subnautica,2018-01-23,2018,Unknown Worlds Entertainment,Unknown Worlds Entertainment,29.99,29.99,29.99,Observed price proxy,5000000,10000000,7500000,0.97,2,Adventure,2026-07-17,SteamSpy app-profile expansion,https://steamspy.com/app/264710,"Added to broaden genre, price, release-era, and ownership coverage."
a8ec0183b45c,892970,Valheim,2021-02-02,2021,Iron Gate AB,Coffee Stain Publishing,19.99,9.99,19.99,Observed list/sale range,10000000,20000000,15000000,0.94,4,Adventure,2026-07-17,SteamSpy app-profile expansion,https://steamspy.com/app/892970,"Added to broaden genre, price, release-era, and ownership coverage."
2ed08276cee4,548430,Deep Rock Galactic,2020-05-13,2020,Ghost Ship Games,Coffee Stain Publishing,29.99,29.99,29.99,Observed price proxy,5000000,10000000,7500000,0.97,1,Action,2026-07-17,SteamSpy app-profile expansion,https://steamspy.com/app/548430,"Added to broaden genre, price, release-era, and ownership coverage."
0454154dc9da,550,Left 4 Dead 2,2009-11-16,2009,Valve,Valve,9.99,9.99,9.99,Observed price proxy,50000000,100000000,75000000,0.97,1,Action,2026-07-17,SteamSpy app-profile expansion,https://steamspy.com/app/550,"Added to broaden genre, price, release-era, and ownership coverage."
