game_key,app_id,title,release_date,release_year,release_era,developer,publisher,publisher_model,primary_genre,genre_count_observed,reference_price_usd,price_min_observed,price_max_observed,discount_percent_observed,price_band,owners_min,owners_max,owners_midpoint,owner_tier,score_percent,score_band,revenue_low,revenue_base,revenue_high,revenue_uncertainty_range,commercial_success_flag,confidence_tier,estimated_profit_proxy,revenue_per_owner_base,performance_segment,data_snapshot_date,source_url
64a1beaba2e3,,Against the Storm,2023-12-08,2023,2020-2024,Eremite Games,Hooded Horse,External publisher,Simulation,1,8.99,8.99,8.99,0,Under $10,500000,1000000,750000,500K-1.99M,0.91,90-94%,2697000,4045500,5394000,2697000,1,Higher,3545500,5.394,High revenue / high score,2026-07-16,https://steamspy.com/genre/Simulation
e8500ffb2582,,ANIMAL WELL,2024-05-09,2024,2020-2024,,,Unknown,Indie,1,17.49,17.49,17.49,0,$10-19.99,200000,500000,350000,100K-499K,0.9,90-94%,2448600,3672899.999999999,4897200,2448600,1,Higher,3172899.999999999,10.493999999999998,High revenue / high score,2026-07-16,https://steamspy.com/genre/Indie
789404fa0888,,Assetto Corsa,2014-12-19,2014,2010-2014,Kunos Simulazioni,505 Games,External publisher,Sports,1,4.99,4.99,4.99,0,Under $10,0,20000,10000,Under 100K,0.85,80-89%,19960.000000000004,29940.000000000004,39920.00000000001,19960.000000000004,0,Low,-470060,2.994,Lower traction,2026-07-16,https://steamspy.com/genre/Sports
1d16e1ba9c28,,Balatro,2024-02-20,2024,2020-2024,LocalThunk,Playstack,External publisher,Strategy,2,14.99,11.99,14.99,0.20013342228152098,$10-19.99,2000000,5000000,3500000,2M-9.99M,0.9,90-94%,20986000,31479000,41972000,20986000,1,Higher,30979000,8.994,High revenue / high score,2026-07-16,https://steamspy.com/genre/Indie | https://steamspy.com/genre/Strategy
5d016f406ae9,,Baldur's Gate 3,2023-08-03,2023,2020-2024,Larian Studios,Larian Studios,Self-published,Adventure,3,44.99,44.99,44.99,0,$40+,20000000,50000000,35000000,10M+,0.96,95%+,629860000.0000001,944790000,1259720000.0000002,629860000.0000001,1,Higher,944290000,26.994,High revenue / high score,2026-07-16,https://steamspy.com/genre/Adventure | https://steamspy.com/genre/RPG | https://steamspy.com/genre/Strategy
1db669c01ded,,Batman: Arkham Asylum GOTY Edition,2010-03-26,2010,2010-2014,Rocksteady Studios,Warner Bros. Interactive Entertainment,External publisher,Adventure,1,19.99,19.99,19.99,0,$10-19.99,50000,100000,75000,Under 100K,0.91,90-94%,599700,899549.9999999999,1199400,599700,0,Higher,399549.9999999999,11.993999999999998,High score / lower revenue,2026-07-16,https://steamspy.com/genre/Adventure
223a4adaeebd,,Batman: Arkham City,2011-11-15,2011,2010-2014,Rocksteady Studios,Warner Bros. Interactive Entertainment,External publisher,Adventure,1,3.99,3.99,3.99,0,Under $10,50000,100000,75000,Under 100K,0.91,90-94%,119700,179550,239400,119700,0,Higher,-320450,2.394,High score / lower revenue,2026-07-16,https://steamspy.com/genre/Adventure
559371a57f1f,,Batman: Arkham City - Game of the Year Edition,2012-09-07,2012,2010-2014,Rocksteady Studios,Warner Bros. Interactive Entertainment,External publisher,Adventure,1,19.99,19.99,19.99,0,$10-19.99,2000000,5000000,3500000,2M-9.99M,0.91,90-94%,27986000,41978999.99999999,55972000,27986000,1,Higher,41478999.99999999,11.993999999999998,High revenue / high score,2026-07-16,https://steamspy.com/genre/Adventure
71744f54654b,,Beat Saber,2019-05-21,2019,2015-2019,Beat Games,Beat Games,Self-published,Indie,1,29.99,29.99,29.99,0,$20-39.99,2000000,5000000,3500000,2M-9.99M,0.93,90-94%,41986000,62979000,83972000,41986000,1,Higher,62479000,17.994,High revenue / high score,2026-07-16,https://steamspy.com/genre/Indie
b29cd759bf7b,,BioShock,2007-08-21,2007,Before 2010,2K Boston; 2K Australia,2K,Self-published,Action,2,4.99,4.99,4.99,0,Under $10,2000000,5000000,3500000,2M-9.99M,0.96,95%+,6986000.000000001,10479000,13972000.000000002,6986000.000000001,1,Higher,9979000,2.994,High revenue / high score,2026-07-16,https://steamspy.com/genre/Action | https://steamspy.com/genre/RPG
7f2f35dbcfbc,,BioShock Infinite,2013-03-25,2013,2010-2014,Irrational Games,2K,External publisher,Action,1,7.49,7.49,7.49,0,Under $10,0,20000,10000,Under 100K,0.94,90-94%,29960.000000000004,44940,59920.00000000001,29960.000000000004,0,Low,-455060,4.494,High score / lower revenue,2026-07-16,https://steamspy.com/genre/Action
559989f38173,,Blue Prince,2025-04-10,2025,2025+,,,Unknown,Adventure,3,17.99,17.99,17.99,0,$10-19.99,200000,500000,350000,100K-499K,0.92,90-94%,2518600,3777899.9999999995,5037200,2518600,1,Higher,3277899.9999999995,10.793999999999999,High revenue / high score,2026-07-16,https://steamspy.com/genre/Adventure | https://steamspy.com/genre/Indie | https://steamspy.com/genre/Strategy
26e3100697cf,,Braid,2009-04-10,2009,Before 2010,,,Unknown,Strategy,2,14.99,14.99,14.99,0,$10-19.99,1000000,2000000,1500000,500K-1.99M,0.9,90-94%,8994000,13491000,17988000,8994000,1,Higher,12991000,8.994,High revenue / high score,2026-07-16,https://steamspy.com/genre/Indie | https://steamspy.com/genre/Strategy
13e1b29505c4,,Brothers - A Tale of Two Sons,2013-09-03,2013,2010-2014,,,Unknown,Indie,1,14.99,14.99,14.99,0,$10-19.99,1000000,2000000,1500000,500K-1.99M,0.9,90-94%,8994000,13491000,17988000,8994000,1,Higher,12991000,8.994,High revenue / high score,2026-07-16,https://steamspy.com/genre/Indie
abace6eae675,,BZZZT,2023-11-13,2023,2020-2024,,,Unknown,Indie,1,3.59,3.59,3.59,0,Under $10,100000,200000,150000,100K-499K,0.91,90-94%,215400,323100,430800,215400,0,Higher,-176900,2.154,High score / lower revenue,2026-07-16,https://steamspy.com/genre/Indie
8516b58c638d,,Cabernet,2025-02-20,2025,2025+,,,Unknown,Simulation,1,13.99,13.99,13.99,0,$10-19.99,50000,100000,75000,Under 100K,0.88,80-89%,419700,629550,839400,419700,0,Higher,129550,8.394,Lower traction,2026-07-16,https://steamspy.com/genre/Simulation
90f9c505c334,,Caves of Qud,2024-12-05,2024,2020-2024,,,Unknown,Adventure,4,29.99,23.99,29.99,0.20006668889629875,$20-39.99,200000,500000,350000,100K-499K,0.91,90-94%,4198600,6297900,8397200,4198600,1,Higher,5797900,17.994,High revenue / high score,2026-07-16,https://steamspy.com/genre/Adventure | https://steamspy.com/genre/Indie | https://steamspy.com/genre/RPG | https://steamspy.com/genre/Strategy
30808097eaa2,,Chained Echoes,2022-12-08,2022,2020-2024,,,Unknown,Indie,2,24.99,9.99,24.99,0.6002400960384153,$20-39.99,200000,500000,350000,100K-499K,0.91,90-94%,3498600,5247899.999999999,6997200,3498600,1,Higher,4747899.999999999,14.993999999999998,High revenue / high score,2026-07-16,https://steamspy.com/genre/Indie | https://steamspy.com/genre/RPG
5d7bca7be478,,Chicory: A Colorful Tale,2021-06-10,2021,2020-2024,,,Unknown,RPG,1,9.99,9.99,9.99,0,Under $10,200000,500000,350000,100K-499K,0.9,90-94%,1398600.0000000002,2097900,2797200.0000000005,1398600.0000000002,1,Higher,1597900,5.994,High revenue / high score,2026-07-16,https://steamspy.com/genre/RPG
0a3360d1fa59,,Clair Obscur: Expedition 33,2025-04-24,2025,2025+,,,Unknown,RPG,1,39.99,39.99,39.99,0,$20-39.99,2000000,5000000,3500000,2M-9.99M,0.91,90-94%,55986000.00000001,83979000,111972000.00000001,55986000.00000001,1,Higher,83479000,23.994,High revenue / high score,2026-07-16,https://steamspy.com/genre/RPG
933241e31f38,,Cobalt Core,2023-11-08,2023,2020-2024,,,Unknown,Strategy,2,19.99,19.99,19.99,0,$10-19.99,100000,200000,150000,100K-499K,0.94,90-94%,1199400,1799099.9999999998,2398800,1199400,1,Higher,1299099.9999999998,11.993999999999998,High revenue / high score,2026-07-16,https://steamspy.com/genre/Indie | https://steamspy.com/genre/Strategy
dd9056484759,,Combat Mission 2,2025-09-16,2025,2025+,,,Unknown,Simulation,1,3.95,3.95,3.95,0,Under $10,0,20000,10000,Under 100K,0.89,80-89%,15800,23700,31600,15800,0,Low,-476300,2.37,Lower traction,2026-07-16,https://steamspy.com/genre/Simulation
6ba4af358440,,Company of Heroes,2006-09-11,2006,Before 2010,Relic Entertainment,SEGA,External publisher,Action,1,19.99,19.99,19.99,0,$10-19.99,1000000,2000000,1500000,500K-1.99M,0.93,90-94%,11994000,17990999.999999996,23988000,11994000,1,Higher,17490999.999999996,11.993999999999998,High revenue / high score,2026-07-16,https://steamspy.com/genre/Action
4448a0478da5,,Company of Heroes - Legacy Edition,2007-07-17,2007,Before 2010,Relic Entertainment,SEGA,External publisher,Strategy,2,36.99,36.99,36.99,0,$20-39.99,2000000,5000000,3500000,2M-9.99M,0.93,90-94%,51786000.00000001,77679000,103572000.00000001,51786000.00000001,1,Higher,77179000,22.194,High revenue / high score,2026-07-16,https://steamspy.com/genre/Action | https://steamspy.com/genre/Strategy
f1304bc9a869,,Crusader Kings III,2020-09-01,2020,2020-2024,Paradox Development Studio,Paradox Interactive,External publisher,Simulation,2,49.99,14.99,49.99,0.7001400280056012,$40+,0,20000,10000,Under 100K,0.91,90-94%,199960.00000000003,299940,399920.00000000006,199960.00000000003,0,Low,-200060,29.994,High score / lower revenue,2026-07-16,https://steamspy.com/genre/RPG | https://steamspy.com/genre/Simulation
51ee226f5524,,DARK SOULS II,2014-04-25,2014,2010-2014,"FromSoftware, Inc.",Bandai Namco Entertainment,External publisher,RPG,1,39.99,39.99,39.99,0,$20-39.99,500000,1000000,750000,500K-1.99M,0.91,90-94%,11997000.000000002,17995500,23994000.000000004,11997000.000000002,1,Higher,17495500,23.994,High revenue / high score,2026-07-16,https://steamspy.com/genre/RPG
71b365a0e087,,DAVE THE DIVER,2023-06-28,2023,2020-2024,MINTROCKET,MINTROCKET,Self-published,Simulation,2,19.99,19.99,19.99,0,$10-19.99,5000000,10000000,7500000,2M-9.99M,0.9,90-94%,59970000,89954999.99999999,119940000,59970000,1,Higher,89454999.99999999,11.993999999999998,High revenue / high score,2026-07-16,https://steamspy.com/genre/RPG | https://steamspy.com/genre/Simulation
9064ba230658,,despelote,2025-05-01,2025,2025+,,,Unknown,Sports,1,7.49,7.49,7.49,0,Under $10,0,20000,10000,Under 100K,0.89,80-89%,29960.000000000004,44940,59920.00000000001,29960.000000000004,0,Low,-455060,4.494,Lower traction,2026-07-16,https://steamspy.com/genre/Sports
29416f5449da,,Deus Ex: Human Revolution - Director's Cut,2013-10-25,2013,2010-2014,Eidos-Montréal,Square Enix,External publisher,RPG,1,19.99,19.99,19.99,0,$10-19.99,0,20000,10000,Under 100K,0.91,90-94%,79960,119939.99999999999,159920,79960,0,Low,-380060,11.993999999999998,High score / lower revenue,2026-07-16,https://steamspy.com/genre/RPG
1ea100c751c1,,DiRT Rally,2015-12-07,2015,2015-2019,Codemasters,Codemasters,Self-published,Sports,1,,,,,Unknown,2000000,5000000,3500000,2M-9.99M,0.86,80-89%,,,,,,Higher,,0,Unknown,2026-07-16,https://steamspy.com/genre/Sports
84c9406adee8,,Disco Elysium - The Final Cut,2019-10-15,2019,2015-2019,ZA/UM,ZA/UM,Self-published,RPG,1,39.99,39.99,39.99,0,$20-39.99,0,20000,10000,Under 100K,0.97,95%+,159960.00000000003,239940,319920.00000000006,159960.00000000003,0,Low,-260060,23.994,High score / lower revenue,2026-07-16,https://steamspy.com/genre/RPG
c77582dfec22,,Dishonored,2012-10-08,2012,2010-2014,Arkane Studios,Bethesda Softworks,External publisher,Adventure,1,9.99,9.99,9.99,0,Under $10,2000000,5000000,3500000,2M-9.99M,0.91,90-94%,13986000.000000002,20979000,27972000.000000004,13986000.000000002,1,Higher,20479000,5.994,High revenue / high score,2026-07-16,https://steamspy.com/genre/Adventure
eb4f6d95d13b,,Divinity: Original Sin - Enhanced Edition,2015-10-27,2015,2015-2019,Larian Studios,Larian Studios,Self-published,Indie,4,39.99,39.99,39.99,0,$20-39.99,1000000,2000000,1500000,500K-1.99M,0.94,90-94%,23994000.000000004,35991000,47988000.00000001,23994000.000000004,1,Higher,35491000,23.994,High revenue / high score,2026-07-16,https://steamspy.com/genre/Adventure | https://steamspy.com/genre/Indie | https://steamspy.com/genre/RPG | https://steamspy.com/genre/Strategy
9d6f08a979a3,,Divinity: Original Sin 2 - Definitive Edition,2017-09-14,2017,2015-2019,Larian Studios,Larian Studios,Self-published,Adventure,2,44.99,44.99,44.99,0,$40+,0,20000,10000,Under 100K,0.93,90-94%,179960.00000000003,269940,359920.00000000006,179960.00000000003,0,Low,-230060,26.994,High score / lower revenue,2026-07-16,https://steamspy.com/genre/Adventure | https://steamspy.com/genre/Strategy
695cd1a3f9e7,,Dragon Age: Origins,2009-11-06,2009,Before 2010,BioWare,Electronic Arts,External publisher,RPG,1,29.99,29.99,29.99,0,$20-39.99,500000,1000000,750000,500K-1.99M,0.91,90-94%,8997000,13495500,17994000,8997000,1,Higher,12995500,17.994,High revenue / high score,2026-07-16,https://steamspy.com/genre/RPG
b03c45c248f5,,Dragon Age: Origins - Ultimate Edition,2010-10-26,2010,2010-2014,BioWare,Electronic Arts,External publisher,RPG,1,29.99,29.99,29.99,0,$20-39.99,1000000,2000000,1500000,500K-1.99M,0.91,90-94%,17994000,26991000,35988000,17994000,1,Higher,26491000,17.994,High revenue / high score,2026-07-16,https://steamspy.com/genre/RPG
60a4454144da,,Dwarf Fortress,2022-12-06,2022,2020-2024,Bay 12 Games,Kitfox Games,External publisher,Simulation,2,29.99,29.99,29.99,0,$20-39.99,2000000,5000000,3500000,2M-9.99M,0.93,90-94%,41986000,62979000,83972000,41986000,1,Higher,62479000,17.994,High revenue / high score,2026-07-16,https://steamspy.com/genre/Indie | https://steamspy.com/genre/Simulation
41f66249ffc7,,ELDEN RING,2022-02-24,2022,2020-2024,"FromSoftware, Inc.",Bandai Namco Entertainment,External publisher,Action,2,59.99,59.99,59.99,0,$40+,20000000,50000000,35000000,10M+,0.94,90-94%,839860000.0000001,1259790000,1679720000.0000002,839860000.0000001,1,Higher,1259290000,35.994,High revenue / high score,2026-07-16,https://steamspy.com/genre/Action | https://steamspy.com/genre/RPG
58a4099b4ee3,,F1 2016,2016-09-07,2016,2015-2019,Codemasters,Electronic Arts,External publisher,Sports,1,,,,,Unknown,200000,500000,350000,100K-499K,0.86,80-89%,,,,,,Higher,,0,Unknown,2026-07-16,https://steamspy.com/genre/Sports
601d8838438b,,F1 2017,2017-08-24,2017,2015-2019,Codemasters,Electronic Arts,External publisher,Sports,2,,,,,Unknown,200000,500000,350000,100K-499K,0.89,80-89%,,,,,,Higher,,0,Unknown,2026-07-16,https://steamspy.com/genre/Simulation | https://steamspy.com/genre/Sports
c800ab4e555e,,F1 2019,2019-06-27,2019,2015-2019,Codemasters,Electronic Arts,External publisher,Sports,1,,,,,Unknown,500000,1000000,750000,500K-1.99M,0.87,80-89%,,,,,,Higher,,0,Unknown,2026-07-16,https://steamspy.com/genre/Sports
1a870cd456c8,,F1 2021,2021-07-15,2021,2020-2024,Codemasters,Electronic Arts,External publisher,Sports,1,,,,,Unknown,1000000,2000000,1500000,500K-1.99M,0.86,80-89%,,,,,,Higher,,0,Unknown,2026-07-16,https://steamspy.com/genre/Sports
dff6ee721b78,,Factorio,2020-08-14,2020,2020-2024,Wube Software LTD.,Wube Software LTD.,Self-published,Simulation,3,35,35,35,0,$20-39.99,5000000,10000000,7500000,2M-9.99M,0.9,90-94%,105000000,157500000,210000000,105000000,1,Higher,157000000,21,High revenue / high score,2026-07-16,https://steamspy.com/genre/Indie | https://steamspy.com/genre/Simulation | https://steamspy.com/genre/Strategy
a6c74d6dd672,,Fallout 3,2008-10-28,2008,Before 2010,Bethesda Game Studios,Bethesda Softworks,External publisher,RPG,1,9.99,9.99,9.99,0,Under $10,1000000,2000000,1500000,500K-1.99M,0.91,90-94%,5994000.000000001,8991000,11988000.000000002,5994000.000000001,1,Higher,8491000,5.994,High revenue / high score,2026-07-16,https://steamspy.com/genre/RPG
444521b1358c,,Fallout 3: Game of the Year Edition,2009-12-17,2009,Before 2010,Bethesda Game Studios,Bethesda Softworks,External publisher,RPG,1,6.59,6.59,6.59,0,Under $10,2000000,5000000,3500000,2M-9.99M,0.91,90-94%,9226000,13839000,18452000,9226000,1,Higher,13339000,3.954,High revenue / high score,2026-07-16,https://steamspy.com/genre/RPG
128b3e7ef896,,FEZ,2013-05-01,2013,2010-2014,,,Unknown,Indie,1,9.99,9.99,9.99,0,Under $10,1000000,2000000,1500000,500K-1.99M,0.91,90-94%,5994000.000000001,8991000,11988000.000000002,5994000.000000001,1,Higher,8491000,5.994,High revenue / high score,2026-07-16,https://steamspy.com/genre/Indie
56bd3ab0160e,,Football Manager 2019,2018-11-02,2018,2015-2019,Sports Interactive,SEGA,External publisher,Sports,1,,,,,Unknown,1000000,2000000,1500000,500K-1.99M,0.86,80-89%,,,,,,Higher,,0,Unknown,2026-07-16,https://steamspy.com/genre/Sports
69e7bae2eec3,,Football Manager 2022,2021-11-09,2021,2020-2024,Sports Interactive,SEGA,External publisher,Sports,1,,,,,Unknown,2000000,5000000,3500000,2M-9.99M,0.85,80-89%,,,,,,Higher,,0,Unknown,2026-07-16,https://steamspy.com/genre/Sports
5f2c754f573b,,Galactic Civilizations II: Ultimate Edition,2011-12-02,2011,2010-2014,Stardock Entertainment,Stardock Entertainment,Self-published,Strategy,2,9.99,4.99,9.99,0.5005005005005005,Under $10,500000,1000000,750000,500K-1.99M,0.92,90-94%,2997000.0000000005,4495500,5994000.000000001,2997000.0000000005,1,Higher,3995500,5.994,High revenue / high score,2026-07-16,https://steamspy.com/genre/Indie | https://steamspy.com/genre/Strategy
2b7e087cb42b,,God of War,2022-01-14,2022,2020-2024,Santa Monica Studio,PlayStation Publishing LLC,External publisher,Adventure,3,49.99,49.99,49.99,0,$40+,5000000,10000000,7500000,2M-9.99M,0.93,90-94%,149970000.00000003,224955000,299940000.00000006,149970000.00000003,1,Higher,224455000,29.994,High revenue / high score,2026-07-16,https://steamspy.com/genre/Action | https://steamspy.com/genre/Adventure | https://steamspy.com/genre/RPG
66cdd0fd7bed,,God of War Ragnarök,2024-09-19,2024,2020-2024,Santa Monica Studio,PlayStation Publishing LLC,External publisher,RPG,1,59.99,59.99,59.99,0,$40+,1000000,2000000,1500000,500K-1.99M,0.9,90-94%,35994000,53991000,71988000,35994000,1,Higher,53491000,35.994,High revenue / high score,2026-07-16,https://steamspy.com/genre/RPG
73facf214d6a,,Grand Theft Auto III,2002-05-21,2002,Before 2010,DMA Design,Rockstar Games,External publisher,Action,1,,,,,Unknown,2000000,5000000,3500000,2M-9.99M,0.93,90-94%,,,,,,Higher,,0,Unknown,2026-07-16,https://steamspy.com/genre/Action
c195b77515fa,,Grand Theft Auto V Legacy,2015-04-14,2015,2015-2019,Rockstar North,Rockstar Games,External publisher,Adventure,2,,,,,Unknown,50000000,100000000,75000000,10M+,0.96,95%+,,,,,,Higher,,0,Unknown,2026-07-16,https://steamspy.com/genre/Action | https://steamspy.com/genre/Adventure
8d5dbb710285,,Grand Theft Auto: San Andreas,2005-06-06,2005,Before 2010,Rockstar North,Rockstar Games,External publisher,Action,1,,,,,Unknown,2000000,5000000,3500000,2M-9.99M,0.93,90-94%,,,,,,Higher,,0,Unknown,2026-07-16,https://steamspy.com/genre/Action
013cd2707e4b,,Grand Theft Auto: Vice City,2003-05-13,2003,Before 2010,Rockstar North,Rockstar Games,External publisher,Action,1,,,,,Unknown,1000000,2000000,1500000,500K-1.99M,0.94,90-94%,,,,,,Higher,,0,Unknown,2026-07-16,https://steamspy.com/genre/Action
ddc8b7b97ce6,,GT Legends,2012-11-28,2012,2010-2014,,,Unknown,Sports,1,7.99,7.99,7.99,0,Under $10,0,20000,10000,Under 100K,0.84,80-89%,31960,47939.99999999999,63920,31960,0,Low,-452060,4.794,Lower traction,2026-07-16,https://steamspy.com/genre/Sports
2ad6353d5453,,Guild Wars 2,2022-08-23,2022,2020-2024,ArenaNet,NCSOFT,External publisher,RPG,1,0,0,0,,Unknown,2000000,5000000,3500000,2M-9.99M,0.9,90-94%,0,0,0,,0,Higher,,0,High score / lower revenue,2026-07-16,https://steamspy.com/genre/RPG
3cc262dce7e3,,Hades,2020-09-17,2020,2020-2024,Supergiant Games,Supergiant Games,Self-published,Indie,3,24.99,6.24,24.99,0.7503001200480192,$20-39.99,5000000,10000000,7500000,2M-9.99M,0.93,90-94%,74970000,112454999.99999999,149940000,74970000,1,Higher,111954999.99999999,14.993999999999998,High revenue / high score,2026-07-16,https://steamspy.com/genre/Action | https://steamspy.com/genre/Indie | https://steamspy.com/genre/RPG
4a2be44aeabe,,Hades II,2025-09-25,2025,2025+,Supergiant Games,Supergiant Games,Self-published,Indie,3,29.99,29.99,29.99,0,$20-39.99,2000000,5000000,3500000,2M-9.99M,0.94,90-94%,41986000,62979000,83972000,41986000,1,Higher,62479000,17.994,High revenue / high score,2026-07-16,https://steamspy.com/genre/Action | https://steamspy.com/genre/Indie | https://steamspy.com/genre/RPG
167ef6f6b881,,Half-Life,1998-11-19,1998,Before 2010,Valve,Valve,Self-published,Action,1,9.99,9.99,9.99,0,Under $10,10000000,20000000,15000000,10M+,0.96,95%+,59940000.00000001,89910000,119880000.00000001,59940000.00000001,1,Higher,89410000,5.994,High revenue / high score,2026-07-16,https://steamspy.com/genre/Action
66c0b7fc07b9,,Half-Life 2,2004-11-16,2004,Before 2010,Valve,Valve,Self-published,Action,1,9.99,9.99,9.99,0,Under $10,10000000,20000000,15000000,10M+,0.96,95%+,59940000.00000001,89910000,119880000.00000001,59940000.00000001,1,Higher,89410000,5.994,High revenue / high score,2026-07-16,https://steamspy.com/genre/Action
9e5dc0fc17c9,,Half-Life: Alyx,2020-03-23,2020,2020-2024,Valve,Valve,Self-published,Adventure,2,59.99,59.99,59.99,0,$40+,2000000,5000000,3500000,2M-9.99M,0.93,90-94%,83986000.00000001,125979000,167972000.00000003,83986000.00000001,1,Higher,125479000,35.994,High revenue / high score,2026-07-16,https://steamspy.com/genre/Action | https://steamspy.com/genre/Adventure
7c867bb864db,,I Expect You To Die 3: Cog in the Machine,2023-09-28,2023,2020-2024,,,Unknown,Simulation,1,24.99,24.99,24.99,0,$20-39.99,50000,100000,75000,Under 100K,0.89,80-89%,749700,1124549.9999999998,1499400,749700,1,Higher,624549.9999999998,14.993999999999996,High revenue / lower score,2026-07-16,https://steamspy.com/genre/Simulation
c541207bce7a,,I Was a Teenage Exocolonist,2022-08-25,2022,2020-2024,,,Unknown,Simulation,2,24.99,12.49,24.99,0.5002000800320128,$20-39.99,200000,500000,350000,100K-499K,0.91,90-94%,3498600,5247899.999999999,6997200,3498600,1,Higher,4747899.999999999,14.993999999999998,High revenue / high score,2026-07-16,https://steamspy.com/genre/Indie | https://steamspy.com/genre/Simulation
82d7cb86bb3b,,Into the Breach,2018-02-27,2018,2015-2019,Subset Games,Subset Games,Self-published,Simulation,4,14.99,4.49,14.99,0.7004669779853235,$10-19.99,1000000,2000000,1500000,500K-1.99M,0.9,90-94%,8994000,13491000,17988000,8994000,1,Higher,12991000,8.994,High revenue / high score,2026-07-16,https://steamspy.com/genre/Indie | https://steamspy.com/genre/RPG | https://steamspy.com/genre/Simulation | https://steamspy.com/genre/Strategy
b5a4f04f824d,,Knockout League - Arcade VR Boxing,2018-02-13,2018,2015-2019,,,Unknown,Sports,1,19.99,19.99,19.99,0,$10-19.99,20000,50000,35000,Under 100K,0.84,80-89%,279860,419789.99999999994,559720,279860,0,Medium,-80210.00000000006,11.993999999999998,Lower traction,2026-07-16,https://steamspy.com/genre/Sports
70b55be0a6e5,,Kynseed,2022-12-06,2022,2020-2024,,,Unknown,Simulation,1,6.24,6.24,6.24,0,Under $10,100000,200000,150000,100K-499K,0.89,80-89%,374400.00000000006,561600,748800.0000000001,374400.00000000006,0,Higher,61600,3.744,Lower traction,2026-07-16,https://steamspy.com/genre/Simulation
79d9aecbde3f,,Lonely Mountains: Snow Riders,2025-01-21,2025,2025+,,,Unknown,Sports,1,14.99,14.99,14.99,0,$10-19.99,0,20000,10000,Under 100K,0.87,80-89%,59960.00000000001,89940,119920.00000000001,59960.00000000001,0,Low,-410060,8.994,Lower traction,2026-07-16,https://steamspy.com/genre/Sports
15e7be4d53ae,,Mark of the Ninja,1987-10-01,1987,Before 2010,Klei Entertainment,Klei Entertainment,Self-published,Adventure,2,4.99,4.99,4.99,0,Under $10,1000000,2000000,1500000,500K-1.99M,0.91,90-94%,2994000.0000000005,4491000,5988000.000000001,2994000.0000000005,1,Higher,3991000,2.994,High revenue / high score,2026-07-16,https://steamspy.com/genre/Adventure | https://steamspy.com/genre/Indie
4171cb5a7936,,Mass Effect 2 (2010 Edition),2010-02-02,2010,2010-2014,BioWare,Electronic Arts,External publisher,RPG,1,,,,,Unknown,1000000,2000000,1500000,500K-1.99M,0.94,90-94%,,,,,,Higher,,0,Unknown,2026-07-16,https://steamspy.com/genre/RPG
81a2ea536ac8,,Mass Effect 2 (2010) Edition,2023-05-15,2023,2020-2024,BioWare,Electronic Arts,External publisher,RPG,1,29.99,29.99,29.99,0,$20-39.99,0,20000,10000,Under 100K,0.94,90-94%,119960,179940,239920,119960,0,Low,-320060,17.994,High score / lower revenue,2026-07-16,https://steamspy.com/genre/RPG
8fa20336a6f6,,METAL GEAR SOLID V: THE PHANTOM PAIN,2015-09-01,2015,2015-2019,Konami Digital Entertainment,Konami Digital Entertainment,Self-published,Adventure,1,17.99,17.99,17.99,0,$10-19.99,2000000,5000000,3500000,2M-9.99M,0.91,90-94%,25186000,37778999.99999999,50372000,25186000,1,Higher,37278999.99999999,10.793999999999999,High revenue / high score,2026-07-16,https://steamspy.com/genre/Adventure
c65341c0d7f2,,Metaphor: ReFantazio,2024-10-10,2024,2020-2024,ATLUS,SEGA,External publisher,Adventure,1,69.99,69.99,69.99,0,$40+,1000000,2000000,1500000,500K-1.99M,0.92,90-94%,41994000,62990999.99999999,83988000,41994000,1,Higher,62490999.99999999,41.99399999999999,High revenue / high score,2026-07-16,https://steamspy.com/genre/Adventure
f157e03410dc,,Mewgenics,2026-02-10,2026,2025+,,,Unknown,Simulation,1,29.99,29.99,29.99,0,$20-39.99,0,20000,10000,Under 100K,0.88,80-89%,119960,179940,239920,119960,0,Low,-320060,17.994,Lower traction,2026-07-16,https://steamspy.com/genre/Simulation
075c1b7a817f,,Microsoft Flight Simulator 40th Anniversary Edition,2020-08-17,2020,2020-2024,Asobo Studio,Xbox Game Studios,External publisher,Simulation,1,59.99,59.99,59.99,0,$40+,2000000,5000000,3500000,2M-9.99M,0.91,90-94%,83986000.00000001,125979000,167972000.00000003,83986000.00000001,1,Higher,125479000,35.994,High revenue / high score,2026-07-16,https://steamspy.com/genre/Simulation
fcd9a9090ca8,,Mission: It's Complicated,2020-02-14,2020,2020-2024,,,Unknown,Indie,2,0,0,0,,Unknown,0,20000,10000,Under 100K,0.91,90-94%,0,0,0,,0,Low,,0,High score / lower revenue,2026-07-16,https://steamspy.com/genre/Adventure | https://steamspy.com/genre/Indie
46f796a545dc,,NBA 2K17,2016-09-20,2016,2015-2019,Visual Concepts,2K,External publisher,Sports,1,,,,,Unknown,500000,1000000,750000,500K-1.99M,0.9,90-94%,,,,,,Higher,,0,Unknown,2026-07-16,https://steamspy.com/genre/Sports
6b19cb3a7fe1,,Okami HD,2017-12-12,2017,2015-2019,"CAPCOM Co., Ltd.","CAPCOM Co., Ltd.",Self-published,Adventure,1,9.99,9.99,9.99,0,Under $10,500000,1000000,750000,500K-1.99M,0.92,90-94%,2997000.0000000005,4495500,5994000.000000001,2997000.0000000005,1,Higher,3995500,5.994,High revenue / high score,2026-07-16,https://steamspy.com/genre/Adventure
f9ed6c75e710,,OlliOlli World,2022-02-07,2022,2020-2024,,,Unknown,Sports,1,4.99,4.99,4.99,0,Under $10,50000,100000,75000,Under 100K,0.87,80-89%,149700.00000000003,224550.00000000003,299400.00000000006,149700.00000000003,0,Higher,-275450,2.994,Lower traction,2026-07-16,https://steamspy.com/genre/Sports
d56d305b2dea,,Opus Magnum,2017-12-07,2017,2015-2019,Zachtronics,Zachtronics,Self-published,Simulation,1,19.99,19.99,19.99,0,$10-19.99,200000,500000,350000,100K-499K,0.9,90-94%,2798600,4197899.999999999,5597200,2798600,1,Higher,3697899.999999999,11.993999999999998,High revenue / high score,2026-07-16,https://steamspy.com/genre/Simulation
276c4c175cb5,,OPUS: Echo of Starsong,2021-08-31,2021,2020-2024,,,Unknown,Indie,1,9.99,9.99,9.99,0,Under $10,200000,500000,350000,100K-499K,0.9,90-94%,1398600.0000000002,2097900,2797200.0000000005,1398600.0000000002,1,Higher,1597900,5.994,High revenue / high score,2026-07-16,https://steamspy.com/genre/Indie
b1165a838c4e,,Out of the Park Baseball 17,2016-03-22,2016,2015-2019,,,Unknown,Sports,4,,,,,Unknown,50000,100000,75000,Under 100K,0.92,90-94%,,,,,,Higher,,0,Unknown,2026-07-16,https://steamspy.com/genre/Indie | https://steamspy.com/genre/Simulation | https://steamspy.com/genre/Sports | https://steamspy.com/genre/Strategy
e8f7edd865a5,,Out of the Park Baseball 18,2017-03-24,2017,2015-2019,,,Unknown,Sports,1,,,,,Unknown,20000,50000,35000,Under 100K,0.86,80-89%,,,,,,Medium,,0,Unknown,2026-07-16,https://steamspy.com/genre/Sports
2e901874a837,,Persona 5 Royal,2022-10-20,2022,2020-2024,ATLUS,SEGA,External publisher,RPG,1,59.99,59.99,59.99,0,$40+,0,20000,10000,Under 100K,0.95,95%+,239960.00000000003,359940,479920.00000000006,239960.00000000003,0,Low,-140060,35.994,High score / lower revenue,2026-07-16,https://steamspy.com/genre/RPG
74030c8f0606,,Pinball FX3,2017-09-26,2017,2015-2019,,,Unknown,Simulation,1,23.97,23.97,23.97,0,$20-39.99,500000,1000000,750000,500K-1.99M,0.89,80-89%,7190999.999999999,10786500,14381999.999999998,7190999.999999999,1,Higher,10286500,14.382,High revenue / lower score,2026-07-16,https://steamspy.com/genre/Simulation
f698400b8814,,Portal 2,2011-04-18,2011,2010-2014,Valve,Valve,Self-published,Adventure,2,9.99,9.99,9.99,0,Under $10,0,20000,10000,Under 100K,0.95,95%+,39960.00000000001,59940,79920.00000000001,39960.00000000001,0,Low,-440060,5.994,High score / lower revenue,2026-07-16,https://steamspy.com/genre/Action | https://steamspy.com/genre/Adventure
50bb6c32429f,,Quake,2007-08-03,2007,Before 2010,id Software; Nightdive Studios; MachineGames,Bethesda Softworks,External publisher,Action,1,9.99,9.99,9.99,0,Under $10,1000000,2000000,1500000,500K-1.99M,0.94,90-94%,5994000.000000001,8991000,11988000.000000002,5994000.000000001,1,Higher,8491000,5.994,High revenue / high score,2026-07-16,https://steamspy.com/genre/Action
6e741f31b6aa,,Red Dead Redemption 2,2019-12-05,2019,2015-2019,Rockstar Games,Rockstar Games,Self-published,Adventure,1,14.99,14.99,14.99,0,$10-19.99,10000000,20000000,15000000,10M+,0.93,90-94%,89940000,134910000,179880000,89940000,1,Higher,134410000,8.994,High revenue / high score,2026-07-16,https://steamspy.com/genre/Adventure
e1d80bb6fba0,,Resident Evil 4,2023-03-23,2023,2020-2024,"CAPCOM Co., Ltd.","CAPCOM Co., Ltd.",Self-published,Adventure,1,39.99,39.99,39.99,0,$20-39.99,5000000,10000000,7500000,2M-9.99M,0.91,90-94%,119970000.00000001,179955000,239940000.00000003,119970000.00000001,1,Higher,179455000,23.994,High revenue / high score,2026-07-16,https://steamspy.com/genre/Adventure
5b39a7c463e3,,Resident Evil Requiem,2026-02-26,2026,2025+,"CAPCOM Co., Ltd.","CAPCOM Co., Ltd.",Self-published,Adventure,1,69.99,69.99,69.99,0,$40+,0,20000,10000,Under 100K,0.92,90-94%,279960,419939.99999999994,559920,279960,0,Low,-80060.00000000006,41.99399999999999,High score / lower revenue,2026-07-16,https://steamspy.com/genre/Adventure
2afd5d3d57ab,,Rhell,2026-03-12,2026,2025+,,,Unknown,Sports,2,14.99,9.74,14.99,0.3502334889926618,$10-19.99,0,20000,10000,Under 100K,0.88,80-89%,59960.00000000001,89940,119920.00000000001,59960.00000000001,0,Low,-410060,8.994,Lower traction,2026-07-16,https://steamspy.com/genre/Simulation | https://steamspy.com/genre/Sports
6417547eb491,,Rise of Nations: Extended Edition,2014-06-12,2014,2010-2014,SkyBox Labs; Big Huge Games,Xbox Game Studios,External publisher,Simulation,1,19.99,19.99,19.99,0,$10-19.99,1000000,2000000,1500000,500K-1.99M,0.89,80-89%,11994000,17990999.999999996,23988000,11994000,1,Higher,17490999.999999996,11.993999999999998,High revenue / lower score,2026-07-16,https://steamspy.com/genre/Simulation
cd10d2ff00b0,,Rocket League,2015-07-07,2015,2015-2019,Psyonix LLC,Psyonix LLC,Self-published,Sports,1,,,,,Unknown,10000000,20000000,15000000,10M+,0.86,80-89%,,,,,,Higher,,0,Unknown,2026-07-16,https://steamspy.com/genre/Sports
9603c1057ab5,,Rome: Total War Collection,2004-09-22,2004,Before 2010,The Creative Assembly,SEGA,External publisher,Strategy,1,,,,,Unknown,1000000,2000000,1500000,500K-1.99M,0.92,90-94%,,,,,,Higher,,0,Unknown,2026-07-16,https://steamspy.com/genre/Strategy
7124818ef795,,Satisfactory,2024-09-10,2024,2020-2024,Coffee Stain Studios,Coffee Stain Publishing,External publisher,Simulation,3,27.99,27.99,27.99,0,$20-39.99,10000000,20000000,15000000,10M+,0.91,90-94%,167940000,251909999.99999994,335880000,167940000,1,Higher,251409999.99999994,16.793999999999997,High revenue / high score,2026-07-16,https://steamspy.com/genre/Adventure | https://steamspy.com/genre/Indie | https://steamspy.com/genre/Simulation
12b38fe2c8ca,,Sektori,2025-11-18,2025,2025+,,,Unknown,Action,1,14.99,14.99,14.99,0,$10-19.99,0,20000,10000,Under 100K,0.93,90-94%,59960.00000000001,89940,119920.00000000001,59960.00000000001,0,Low,-410060,8.994,High score / lower revenue,2026-07-16,https://steamspy.com/genre/Action
385e6fffc5df,,Shin Megami Tensei V: Vengeance,2024-06-13,2024,2020-2024,ATLUS,SEGA,External publisher,RPG,1,59.99,59.99,59.99,0,$40+,200000,500000,350000,100K-499K,0.9,90-94%,8398600,12597900,16797200,8398600,1,Higher,12097900,35.994,High revenue / high score,2026-07-16,https://steamspy.com/genre/RPG
2e31c0394006,,Sid Meier's Civilization III Complete,2006-10-25,2006,Before 2010,Firaxis Games,2K,External publisher,Strategy,1,0.99,0.99,0.99,0,Under $10,1000000,2000000,1500000,500K-1.99M,0.9,90-94%,594000,891000,1188000,594000,0,Higher,391000,0.594,High score / lower revenue,2026-07-16,https://steamspy.com/genre/Strategy
c40260ae2e82,,Sid Meier's Civilization IV,2006-10-25,2006,Before 2010,Firaxis Games,2K,External publisher,Strategy,1,19.99,19.99,19.99,0,$10-19.99,1000000,2000000,1500000,500K-1.99M,0.94,90-94%,11994000,17990999.999999996,23988000,11994000,1,Higher,17490999.999999996,11.993999999999998,High revenue / high score,2026-07-16,https://steamspy.com/genre/Strategy
f5e1bbe568c2,,Sid Meier's Civilization V,2010-09-21,2010,2010-2014,Firaxis Games,2K,External publisher,Strategy,1,29.99,29.99,29.99,0,$20-39.99,0,20000,10000,Under 100K,0.9,90-94%,119960,179940,239920,119960,0,Low,-320060,17.994,High score / lower revenue,2026-07-16,https://steamspy.com/genre/Strategy
2bf2de8e1fe9,,Silent Hunter III,2008-06-13,2008,Before 2010,Ubisoft Romania,Ubisoft,Self-published,Simulation,1,9.99,9.99,9.99,0,Under $10,200000,500000,350000,100K-499K,0.9,90-94%,1398600.0000000002,2097900,2797200.0000000005,1398600.0000000002,1,Higher,1597900,5.994,High revenue / high score,2026-07-16,https://steamspy.com/genre/Simulation
13a4a14f384a,,Slay the Princess - The Pristine Cut,2023-10-23,2023,2020-2024,,,Unknown,Simulation,3,17.99,8.99,17.99,0.500277932184547,$10-19.99,500000,1000000,750000,500K-1.99M,0.9,90-94%,5397000,8095499.999999999,10794000,5397000,1,Higher,7595499.999999999,10.793999999999999,High revenue / high score,2026-07-16,https://steamspy.com/genre/Indie | https://steamspy.com/genre/RPG | https://steamspy.com/genre/Simulation
f6217fc6eb8f,,SpeedRunners,2016-04-19,2016,2015-2019,,,Unknown,Sports,1,2.99,2.99,2.99,0,Under $10,2000000,5000000,3500000,2M-9.99M,0.84,80-89%,4186000.0000000005,6279000,8372000.000000001,4186000.0000000005,1,Higher,5779000,1.794,High revenue / lower score,2026-07-16,https://steamspy.com/genre/Sports
07e675e3188c,,Spelunky,2013-08-08,2013,2010-2014,,,Unknown,Indie,1,3.74,3.74,3.74,0,Under $10,1000000,2000000,1500000,500K-1.99M,0.9,90-94%,2244000.0000000005,3366000.0000000005,4488000.000000001,2244000.0000000005,1,Higher,2866000.0000000005,2.244,High revenue / high score,2026-07-16,https://steamspy.com/genre/Indie
7e1d9143d6e2,,Spelunky 2,2020-09-29,2020,2020-2024,,,Unknown,Indie,1,6.99,6.99,6.99,0,Under $10,1000000,2000000,1500000,500K-1.99M,0.91,90-94%,4194000.0000000005,6291000,8388000.000000001,4194000.0000000005,1,Higher,5791000,4.194,High revenue / high score,2026-07-16,https://steamspy.com/genre/Indie
f16ef7000606,,Sprint Vector,2018-02-08,2018,2015-2019,,,Unknown,Sports,1,4.49,4.49,4.49,0,Under $10,20000,50000,35000,Under 100K,0.84,80-89%,62860.00000000001,94290,125720.00000000001,62860.00000000001,0,Medium,-405710,2.694,Lower traction,2026-07-16,https://steamspy.com/genre/Sports
2438617c3623,,Stardew Valley,2016-02-26,2016,2015-2019,ConcernedApe,ConcernedApe,Self-published,Simulation,1,14.99,14.99,14.99,0,$10-19.99,20000000,50000000,35000000,10M+,0.89,80-89%,209860000.00000003,314790000,419720000.00000006,209860000.00000003,1,Higher,314290000,8.994,High revenue / lower score,2026-07-16,https://steamspy.com/genre/Simulation
4e796592e06c,,Street Fighter 6,2023-06-01,2023,2020-2024,"CAPCOM Co., Ltd.","CAPCOM Co., Ltd.",Self-published,Adventure,1,39.99,39.99,39.99,0,$20-39.99,2000000,5000000,3500000,2M-9.99M,0.92,90-94%,55986000.00000001,83979000,111972000.00000001,55986000.00000001,1,Higher,83479000,23.994,High revenue / high score,2026-07-16,https://steamspy.com/genre/Adventure
f01cf2770dde,,Tadpole Treble,2016-09-02,2016,2015-2019,,,Unknown,Indie,1,4.99,4.99,4.99,0,Under $10,20000,50000,35000,Under 100K,0.9,90-94%,69860.00000000001,104790.00000000001,139720.00000000003,69860.00000000001,0,Medium,-395210,2.994,High score / lower revenue,2026-07-16,https://steamspy.com/genre/Indie
4a56bafad301,,Tetris Effect: Connected,2021-08-17,2021,2020-2024,,,Unknown,Indie,1,39.99,39.99,39.99,0,$20-39.99,500000,1000000,750000,500K-1.99M,0.93,90-94%,11997000.000000002,17995500,23994000.000000004,11997000.000000002,1,Higher,17495500,23.994,High revenue / high score,2026-07-16,https://steamspy.com/genre/Indie
4a1e938ad4dd,,The Elder Scrolls IV: Oblivion GOTY Edition,2009-06-16,2009,Before 2010,Bethesda Game Studios,Bethesda Softworks,External publisher,RPG,1,14.99,14.99,14.99,0,$10-19.99,2000000,5000000,3500000,2M-9.99M,0.94,90-94%,20986000,31479000,41972000,20986000,1,Higher,30979000,8.994,High revenue / high score,2026-07-16,https://steamspy.com/genre/RPG
ab219e16ab35,,The Elder Scrolls V: Skyrim,2011-11-10,2011,2010-2014,Bethesda Game Studios,Bethesda Softworks,External publisher,RPG,1,19.99,19.99,19.99,0,$10-19.99,5000000,10000000,7500000,2M-9.99M,0.94,90-94%,59970000,89954999.99999999,119940000,59970000,1,Higher,89454999.99999999,11.993999999999998,High revenue / high score,2026-07-16,https://steamspy.com/genre/RPG
023e7df320d9,,The Longest Journey,2007-05-01,2007,Before 2010,Funcom,Funcom,Self-published,Adventure,1,9.99,9.99,9.99,0,Under $10,200000,500000,350000,100K-499K,0.91,90-94%,1398600.0000000002,2097900,2797200.0000000005,1398600.0000000002,1,Higher,1597900,5.994,High revenue / high score,2026-07-16,https://steamspy.com/genre/Adventure
afe22891669c,,The Sims 2 Legacy Collection,2025-01-31,2025,2025+,Maxis,Electronic Arts,External publisher,Simulation,1,29.99,29.99,29.99,0,$20-39.99,50000,100000,75000,Under 100K,0.9,90-94%,899700,1349550,1799400,899700,1,Higher,849550,17.994,High revenue / high score,2026-07-16,https://steamspy.com/genre/Simulation
c5fb926edbe9,,The Sims Legacy Collection,2025-01-31,2025,2025+,Maxis,Electronic Arts,External publisher,Simulation,1,9.99,9.99,9.99,0,Under $10,20000,50000,35000,Under 100K,0.92,90-94%,139860.00000000003,209790,279720.00000000006,139860.00000000003,0,Medium,-290210,5.994,High score / lower revenue,2026-07-16,https://steamspy.com/genre/Simulation
e66789fba8f5,,Thief Gold,2012-05-22,2012,2010-2014,Looking Glass Studios,Square Enix,External publisher,Simulation,1,1.74,1.74,1.74,0,Under $10,500000,1000000,750000,500K-1.99M,0.92,90-94%,522000.00000000006,783000,1044000.0000000001,522000.00000000006,0,Higher,283000,1.044,High score / lower revenue,2026-07-16,https://steamspy.com/genre/Simulation
6db943bdcaf4,,Total War: EMPIRE - Definitive Edition,2009-03-04,2009,Before 2010,The Creative Assembly,SEGA,External publisher,Strategy,1,4.99,4.99,4.99,0,Under $10,1000000,2000000,1500000,500K-1.99M,0.9,90-94%,2994000.0000000005,4491000,5988000.000000001,2994000.0000000005,1,Higher,3991000,2.994,High revenue / high score,2026-07-16,https://steamspy.com/genre/Strategy
f5ff4a51392e,,TrainClicker,2021-02-12,2021,2020-2024,,,Unknown,Simulation,1,9.99,9.99,9.99,0,Under $10,0,20000,10000,Under 100K,0.89,80-89%,39960.00000000001,59940,79920.00000000001,39960.00000000001,0,Low,-440060,5.994,Lower traction,2026-07-16,https://steamspy.com/genre/Simulation
2c373b6b0af8,,Tumblestone,2016-07-12,2016,2015-2019,,,Unknown,Strategy,2,6.24,6.24,6.24,0,Under $10,100000,200000,150000,100K-499K,0.91,90-94%,374400.00000000006,561600,748800.0000000001,374400.00000000006,0,Higher,61600,3.744,High score / lower revenue,2026-07-16,https://steamspy.com/genre/Indie | https://steamspy.com/genre/Strategy
80f6c2cf3190,,UFO 50,2024-09-18,2024,2020-2024,,,Unknown,Adventure,4,24.99,17.49,24.99,0.30012004801920766,$20-39.99,100000,200000,150000,100K-499K,0.91,90-94%,1499400,2249099.9999999995,2998800,1499400,1,Higher,1749099.9999999995,14.993999999999996,High revenue / high score,2026-07-16,https://steamspy.com/genre/Adventure | https://steamspy.com/genre/Indie | https://steamspy.com/genre/RPG | https://steamspy.com/genre/Strategy
0e5c0be038be,,Undertale,2015-09-15,2015,2015-2019,tobyfox,tobyfox,Self-published,Indie,1,2.49,2.49,2.49,0,Under $10,5000000,10000000,7500000,2M-9.99M,0.92,90-94%,7470000.000000001,11205000,14940000.000000002,7470000.000000001,1,Higher,10705000,1.494,High revenue / high score,2026-07-16,https://steamspy.com/genre/Indie
2cc718eb3b30,,Unreal Tournament 2004: Editor's Choice Edition,2004-03-16,2004,Before 2010,,,Unknown,Action,1,,,,,Unknown,1000000,2000000,1500000,500K-1.99M,0.93,90-94%,,,,,,Higher,,0,Unknown,2026-07-16,https://steamspy.com/genre/Action
c94981f7a947,,VIDEOVERSE,2023-08-07,2023,2020-2024,,,Unknown,Simulation,2,12.99,6.49,12.99,0.5003849114703618,$10-19.99,0,20000,10000,Under 100K,0.9,90-94%,51960.00000000001,77940,103920.00000000001,51960.00000000001,0,Low,-422060,7.794,High score / lower revenue,2026-07-16,https://steamspy.com/genre/Indie | https://steamspy.com/genre/Simulation
7b962ada5915,1091500,Cyberpunk 2077,2020-12-09,2020,2020-2024,CD PROJEKT RED,CD PROJEKT RED,Self-published,RPG,1,59.99,17.99,59.99,0.7001166861143524,$40+,20000000,50000000,35000000,10M+,0.84,80-89%,839860000.0000001,1259790000,1679720000.0000002,839860000.0000001,1,Higher,1259290000,35.994,High revenue / lower score,2026-07-17,https://steamspy.com/app/1091500
c171d77814b4,292030,The Witcher 3: Wild Hunt,2015-05-18,2015,2015-2019,CD PROJEKT RED,CD PROJEKT RED,Self-published,RPG,1,39.99,39.99,39.99,0,$20-39.99,20000000,50000000,35000000,10M+,0.96,95%+,559860000.0000001,839790000,1119720000.0000002,559860000.0000001,1,Higher,839290000,23.994,High revenue / high score,2026-07-17,https://steamspy.com/app/292030
9c52a3598850,105600,Terraria,2011-05-16,2011,2010-2014,Re-Logic,Re-Logic,Self-published,Adventure,4,9.99,9.99,9.99,0,Under $10,20000000,50000000,35000000,10M+,0.97,95%+,139860000.00000003,209790000,279720000.00000006,139860000.00000003,1,Higher,209290000,5.994,High revenue / high score,2026-07-17,https://steamspy.com/app/105600
4085787f7807,367520,Hollow Knight,2017-02-24,2017,2015-2019,Team Cherry,Team Cherry,Self-published,Adventure,3,14.99,14.99,14.99,0,$10-19.99,5000000,10000000,7500000,2M-9.99M,0.97,95%+,44970000,67455000,89940000,44970000,1,Higher,66955000,8.994,High revenue / high score,2026-07-17,https://steamspy.com/app/367520
419754bf79a1,588650,Dead Cells,2018-08-06,2018,2015-2019,Motion Twin,Motion Twin,Self-published,Action,3,24.99,12.49,24.99,0.5002000800320128,$20-39.99,5000000,10000000,7500000,2M-9.99M,0.97,95%+,74970000,112454999.99999999,149940000,74970000,1,Higher,111954999.99999999,14.993999999999998,High revenue / high score,2026-07-17,https://steamspy.com/app/588650
75ba5b8b2826,504230,Celeste,2018-01-25,2018,2015-2019,"Maddy Makes Games Inc.; Extremely OK Games, Ltd.",Maddy Makes Games Inc.,Self-published,Indie,3,19.99,4.99,19.99,0.7503751875937968,$10-19.99,2000000,5000000,3500000,2M-9.99M,0.97,95%+,27986000,41978999.99999999,55972000,27986000,1,Higher,41478999.99999999,11.993999999999998,High revenue / high score,2026-07-17,https://steamspy.com/app/504230
cfb9841b3aa4,294100,RimWorld,2018-10-17,2018,2015-2019,Ludeon Studios,Ludeon Studios,Self-published,Simulation,3,34.99,27.99,34.99,0.20005715918833966,$20-39.99,5000000,10000000,7500000,2M-9.99M,0.97,95%+,104970000.00000001,157455000,209940000.00000003,104970000.00000001,1,Higher,156955000,20.994,High revenue / high score,2026-07-17,https://steamspy.com/app/294100
679de5f22297,255710,Cities: Skylines,2015-03-10,2015,2015-2019,Colossal Order,Paradox Interactive,External publisher,Simulation,2,29.99,29.99,29.99,0,$20-39.99,10000000,20000000,15000000,10M+,0.92,90-94%,179940000,269910000,359880000,179940000,1,Higher,269410000,17.994,High revenue / high score,2026-07-17,https://steamspy.com/app/255710
447c6801aa58,227300,Euro Truck Simulator 2,2012-10-12,2012,2010-2014,SCS Software,SCS Software,Self-published,Simulation,2,19.99,4.99,19.99,0.7503751875937968,$10-19.99,10000000,20000000,15000000,10M+,0.97,95%+,119940000,179909999.99999997,239880000,119940000,1,Higher,179409999.99999997,11.993999999999998,High revenue / high score,2026-07-17,https://steamspy.com/app/227300
a7b34c28ebce,739630,Phasmophobia,2020-09-18,2020,2020-2024,Kinetic Games,Kinetic Games,Self-published,Action,2,19.99,19.99,19.99,0,$10-19.99,10000000,20000000,15000000,10M+,0.95,95%+,119940000,179909999.99999997,239880000,119940000,1,Higher,179409999.99999997,11.993999999999998,High revenue / high score,2026-07-17,https://steamspy.com/app/739630
543673e9f39f,1623730,Palworld,2024-01-18,2024,2020-2024,Pocketpair,Pocketpair,Self-published,Adventure,4,29.99,29.99,29.99,0,$20-39.99,50000000,100000000,75000000,10M+,0.94,90-94%,899700000,1349550000,1799400000,899700000,1,Higher,1349050000,17.994,High revenue / high score,2026-07-17,https://steamspy.com/app/1623730
9c2f2f3ee3ec,553850,HELLDIVERS 2,2024-02-08,2024,2020-2024,Arrowhead Game Studios,PlayStation Publishing LLC,External publisher,Action,1,39.99,29.99,39.99,0.25006251562890736,$20-39.99,20000000,50000000,35000000,10M+,0.76,70-79%,559860000.0000001,839790000,1119720000.0000002,559860000.0000001,1,Higher,839290000,23.994,High revenue / lower score,2026-07-17,https://steamspy.com/app/553850
51382098b4bd,275850,No Man's Sky,2016-08-12,2016,2015-2019,Hello Games,Hello Games,Self-published,Adventure,2,59.99,59.99,59.99,0,$40+,5000000,10000000,7500000,2M-9.99M,0.83,80-89%,179970000.00000003,269955000,359940000.00000006,179970000.00000003,1,Higher,269455000,35.994,High revenue / lower score,2026-07-17,https://steamspy.com/app/275850
b2b936079bd2,814380,Sekiro: Shadows Die Twice - GOTY Edition,2019-03-21,2019,2015-2019,"FromSoftware, Inc.","Activision; FromSoftware, Inc.",Self-published,Action,2,59.99,29.99,59.99,0.5000833472245374,$40+,10000000,20000000,15000000,10M+,0.95,95%+,359940000.00000006,539910000,719880000.0000001,359940000.00000006,1,Higher,539410000,35.994,High revenue / high score,2026-07-17,https://steamspy.com/app/814380
3d7a7f2e4363,374320,DARK SOULS III,2016-04-11,2016,2015-2019,"FromSoftware, Inc.","FromSoftware, Inc.; Bandai Namco Entertainment",Self-published,Action,1,59.99,59.99,59.99,0,$40+,5000000,10000000,7500000,2M-9.99M,0.94,90-94%,179970000.00000003,269955000,359940000.00000006,179970000.00000003,1,Higher,269455000,35.994,High revenue / high score,2026-07-17,https://steamspy.com/app/374320
57db119677f6,268910,Cuphead,2017-09-29,2017,2015-2019,Studio MDHR Entertainment Inc.,Studio MDHR Entertainment Inc.,Self-published,Action,2,19.99,13.99,19.99,0.30015007503751867,$10-19.99,5000000,10000000,7500000,2M-9.99M,0.96,95%+,59970000,89954999.99999999,119940000,59970000,1,Higher,89454999.99999999,11.993999999999998,High revenue / high score,2026-07-17,https://steamspy.com/app/268910
7acae052b213,264710,Subnautica,2018-01-23,2018,2015-2019,Unknown Worlds Entertainment,Unknown Worlds Entertainment,Self-published,Adventure,2,29.99,29.99,29.99,0,$20-39.99,5000000,10000000,7500000,2M-9.99M,0.97,95%+,89970000,134955000,179940000,89970000,1,Higher,134455000,17.994,High revenue / high score,2026-07-17,https://steamspy.com/app/264710
a8ec0183b45c,892970,Valheim,2021-02-02,2021,2020-2024,Iron Gate AB,Coffee Stain Publishing,External publisher,Adventure,4,19.99,9.99,19.99,0.5002501250625312,$10-19.99,10000000,20000000,15000000,10M+,0.94,90-94%,119940000,179909999.99999997,239880000,119940000,1,Higher,179409999.99999997,11.993999999999998,High revenue / high score,2026-07-17,https://steamspy.com/app/892970
2ed08276cee4,548430,Deep Rock Galactic,2020-05-13,2020,2020-2024,Ghost Ship Games,Coffee Stain Publishing,External publisher,Action,1,29.99,29.99,29.99,0,$20-39.99,5000000,10000000,7500000,2M-9.99M,0.97,95%+,89970000,134955000,179940000,89970000,1,Higher,134455000,17.994,High revenue / high score,2026-07-17,https://steamspy.com/app/548430
0454154dc9da,550,Left 4 Dead 2,2009-11-16,2009,Before 2010,Valve,Valve,Self-published,Action,1,9.99,9.99,9.99,0,Under $10,50000000,100000000,75000000,10M+,0.97,95%+,299700000.00000006,449550000,599400000.0000001,299700000.00000006,1,Higher,449050000,5.994,High revenue / high score,2026-07-17,https://steamspy.com/app/550
